map #,API,Operator,Well,Latitude,Longitude,Tnsp,Rng,sec,QQ,Meridian,Elev (feet),Ref,sample #,top (feet),bottom (feet),Formation,% CaCO3      (TC-TOC)*8.33,Tmax °C,S1       mgHC/g-rock,S2       mgHC/g-rock,GP  S1+S2,S3       mgCO2/g-rock,PI  S1/(S1+S2),S2/S3,LECO TOC Wt. %,TC Wt. %,HI    (S2/TOC)*100,OI     (S3/TOC)*100,(S1/TOC)*100,CRC ,LIMS ID,,,,,,
1,4900720214,Davis Oil Co.,Mesa Federal 1,41.692223,-107.444282,20N,89W,20,NW SE,Sixth Principal,"7,056",KB,GRB-2021-1,"3,830","3,850",Lewis,7.75,428,0.09,0.20,0.29,0.65,0.31,0,0.98,1.91,20,67,9,CZ11178,E210502-001,,,,,,
1,4900720214,Davis Oil Co.,Mesa Federal 1,41.692223,-107.444282,20N,89W,20,NW SE,Sixth Principal,"7,056",KB,GRB-2021-2,"3,880","3,910",Asquith,12.16,431,0.12,0.91,1.03,0.74,0.12,1,1.56,3.02,58,47,8,CZ11178,E210502-002,,,,,,
1,4900720214,Davis Oil Co.,Mesa Federal 1,41.692223,-107.444282,20N,89W,20,NW SE,Sixth Principal,"7,056",KB,GRB-2021-3,"3,930","3,950",Asquith,10.41,427,0.18,3.05,3.23,0.75,0.06,4,2.21,3.46,138,34,8,CZ11178,E210502-003,,,,,,
1,4900720214,Davis Oil Co.,Mesa Federal 1,41.692223,-107.444282,20N,89W,20,NW SE,Sixth Principal,"7,056",KB,GRB-2021-4,"3,950","3,970",Lewis,12.08,426,0.18,4.06,4.24,0.87,0.04,5,2.53,3.98,161,34,7,CZ11178,E210502-004,,,,,,
1,4900720214,Davis Oil Co.,Mesa Federal 1,41.692223,-107.444282,20N,89W,20,NW SE,Sixth Principal,"7,056",KB,GRB-2021-5,"4,090","4,140",Lewis,9.58,424,0.22,5.88,6.10,0.80,0.04,7,2.70,3.85,217,30,8,CZ11178,E210502-005,,,,,,
1,4900720214,Davis Oil Co.,Mesa Federal 1,41.692223,-107.444282,20N,89W,20,NW SE,Sixth Principal,"7,056",KB,GRB-2021-6,"4,250","4,260",Lewis,9.25,430,0.13,1.71,1.84,0.74,0.07,2,1.90,3.01,90,39,7,CZ11178,E210502-006,,,,,,
2,4900705096,U.S. Natural Gas,Unit 41-11,41.37916,-107.707,16N,92W,11,NE NE,Sixth Principal,"6,737",KB,GRB-2021-7,710,750,Lewis,6.08,422,0.15,0.82,0.97,0.44,0.15,2,1.21,1.94,68,36,12,CZ05165,E210502-007,,,,,,
2,4900705096,U.S. Natural Gas,Unit 41-11,41.37916,-107.707,16N,92W,11,NE NE,Sixth Principal,"6,737",KB,GRB-2021-8,800,820,Lewis,8.41,423,0.08,0.48,0.56,0.68,0.14,1,1.19,2.20,40,57,7,CZ05165,E210502-008,,,,,,
2,4900705096,U.S. Natural Gas,Unit 41-11,41.37916,-107.707,16N,92W,11,NE NE,Sixth Principal,"6,737",KB,GRB-2021-9,900,940,Lewis,6.50,428,0.15,1.31,1.46,0.51,0.10,3,1.23,2.01,107,42,12,CZ05165,E210502-009,,,,,,
2,4900705096,U.S. Natural Gas,Unit 41-11,41.37916,-107.707,16N,92W,11,NE NE,Sixth Principal,"6,737",KB,GRB-2021-10,980,"1,000",Lewis,8.00,431,0.15,1.40,1.55,0.41,0.10,3,1.31,2.27,107,31,11,CZ05165,E210502-010,,,,,,
2,4900705096,U.S. Natural Gas,Unit 41-11,41.37916,-107.707,16N,92W,11,NE NE,Sixth Principal,"6,737",KB,GRB-2021-11,"1,060","1,100",Lewis,7.16,429,0.05,0.69,0.74,0.64,0.07,1,1.20,2.06,58,54,4,CZ05165,E210502-011,,,,,,
2,4900705096,U.S. Natural Gas,Unit 41-11,41.37916,-107.707,16N,92W,11,NE NE,Sixth Principal,"6,737",KB,GRB-2021-12,"1,120","1,140",Asquith,7.91,430,0.12,1.19,1.31,0.57,0.09,2,1.34,2.29,89,43,9,CZ05165,E210502-012,,,,,,
2,4900705096,U.S. Natural Gas,Unit 41-11,41.37916,-107.707,16N,92W,11,NE NE,Sixth Principal,"6,737",KB,GRB-2021-13,"1,160","1,180",Asquith/Lewis,8.91,424,0.34,7.12,7.46,0.75,0.05,9,2.89,3.96,247,26,12,CZ05165,E210502-013,,,,,,
2,4900705096,U.S. Natural Gas,Unit 41-11,41.37916,-107.707,16N,92W,11,NE NE,Sixth Principal,"6,737",KB,GRB-2021-14,"1,340","1,400",Lewis,6.33,431,0.15,1.13,1.28,0.58,0.12,2,1.34,2.10,84,43,11,CZ05165,E210502-014,,,,,,
3,4903720989,Davis Oil Co.,1 West Brady,41.475045,-108.699643,17N,100W,5,SE SE,Sixth Principal,"6,889",KB,GRB-2021-15,"2,160","2,180",Lewis,8.75,430,0.08,1.66,1.74,0.47,0.05,4,1.37,2.42,122,34,6,CZ12803,E210502-015,,,,,,
3,4903720989,Davis Oil Co.,1 West Brady,41.475045,-108.699643,17N,100W,5,SE SE,Sixth Principal,"6,889",KB,GRB-2021-16,"2,240","2,260",Asquith,8.00,430,0.11,2.48,2.59,0.62,0.04,4,1.76,2.72,141,35,6,CZ12803,E210502-016,,,,,,
3,4903720989,Davis Oil Co.,1 West Brady,41.475045,-108.699643,17N,100W,5,SE SE,Sixth Principal,"6,889",KB,GRB-2021-17,"2,260","2,280",Asquith,7.50,429,0.1,2.49,2.59,0.66,0.04,4,1.88,2.78,132,35,5,CZ12803,E210502-017,,,,,,
3,4903720989,Davis Oil Co.,1 West Brady,41.475045,-108.699643,17N,100W,5,SE SE,Sixth Principal,"6,889",KB,GRB-2021-18,"2,280","2,300",Asquith,6.83,431,0.1,1.28,1.38,0.70,0.07,2,1.75,2.57,73,40,6,CZ12803,E210502-018,,,,,,
3,4903720989,Davis Oil Co.,1 West Brady,41.475045,-108.699643,17N,100W,5,SE SE,Sixth Principal,"6,889",KB,GRB-2021-19,"2,300","2,320",Asquith,6.08,431,0.11,0.83,0.94,0.71,0.12,1,1.69,2.42,49,42,7,CZ12803,E210502-019,,,,,,
4,4903720385,Champlin Petroleum,2 Brady Unit,41.397945,-108.740538,16N,101W,2,NE NE,Sixth Principal,"7,185",KB,GRB-2021-20,"2,440","2,470",Lewis,10.66,431,0.09,2.25,2.34,0.53,0.04,4,1.49,2.77,151,36,6,CZ10036,E210502-020,,,,,,
4,4903720385,Champlin Petroleum,2 Brady Unit,41.397945,-108.740538,16N,101W,2,NE NE,Sixth Principal,"7,185",KB,GRB-2021-21,"2,530","2,560",Asquith,5.91,425,0.24,7.79,8.03,0.66,0.03,12,2.85,3.56,273,23,8,CZ10036,E210502-021,,,,,,
4,4903720385,Champlin Petroleum,2 Brady Unit,41.397945,-108.740538,16N,101W,2,NE NE,Sixth Principal,"7,185",KB,GRB-2021-22,"2,560","2,590",Asquith/Lewis,6.58,431,0.14,1.45,1.59,1.00,0.09,1,2.00,2.79,72,50,7,CZ10036,E210502-022,,,,,,
5,4900721092,Nova Natural Res.,34-1 Govt.,41.399481,-107.744057,17N,92W,34,SW SE,Sixth Principal,"6,828",KB,GRB-2021-23,"5,700","5,710",Lewis/Asquith,10.75,429,0.37,9.33,9.70,0.59,0.04,16,2.96,4.25,315,20,12,CZ10656,E210502-023,,,,,,
5,4900721092,Nova Natural Res.,34-1 Govt.,41.399481,-107.744057,17N,92W,34,SW SE,Sixth Principal,"6,828",KB,GRB-2021-24,"5,710","5,720",Asquith,11.83,430,0.32,8.40,8.72,0.43,0.04,20,2.76,4.18,305,16,12,CZ10656,E210502-024,,,,,,
5,4900721092,Nova Natural Res.,34-1 Govt.,41.399481,-107.744057,17N,92W,34,SW SE,Sixth Principal,"6,828",KB,GRB-2021-25,"5,720","5,730",Asquith,12.16,429,0.36,9.05,9.41,0.35,0.04,26,2.85,4.31,318,12,13,CZ10656,E210502-025,,,,,,
5,4900721092,Nova Natural Res.,34-1 Govt.,41.399481,-107.744057,17N,92W,34,SW SE,Sixth Principal,"6,828",KB,GRB-2021-26,"5,730","5,740",Asquith,9.91,431,0.26,6.02,6.28,0.40,0.04,15,2.30,3.49,262,17,11,CZ10656,E210502-026,,,,,,
5,4900721092,Nova Natural Res.,34-1 Govt.,41.399481,-107.744057,17N,92W,34,SW SE,Sixth Principal,"6,828",KB,GRB-2021-27,"5,740","5,750",Asquith/Lewis,7.58,432,0.21,3.69,3.90,0.29,0.05,13,1.84,2.75,200,16,11,CZ10656,E210502-027,,,,,,
5,4900721092,Nova Natural Res.,34-1 Govt.,41.399481,-107.744057,17N,92W,34,SW SE,Sixth Principal,"6,828",KB,GRB-2021-28,"5,590","5,610",Lewis,14.49,430,0.25,4.33,4.58,0.40,0.05,11,1.95,3.69,223,21,13,CZ10656,E210502-028,,,,,,
5,4900721092,Nova Natural Res.,34-1 Govt.,41.399481,-107.744057,17N,92W,34,SW SE,Sixth Principal,"6,828",KB,GRB-2021-29,"5,990","6,000",Lewis,7.16,436,0.11,1.82,1.93,0.39,0.05,5,1.42,2.28,129,28,8,CZ10656,E210502-029,,,,,,
5,4900721092,Nova Natural Res.,34-1 Govt.,41.399481,-107.744057,17N,92W,34,SW SE,Sixth Principal,"6,828",KB,GRB-2021-30,"6,000","6,010",Lewis,7.91,435,0.16,1.61,1.77,0.42,0.09,4,1.34,2.29,120,31,12,CZ10656,E210502-030,,,,,,
6,4900720251,C & K Petroleum,1-16 MOC State,41.44271,-107.65844,17N,91W,16,SW SW,Sixth Principal,"7,396",KB,GRB-2021-31,"2,440","2,470",Asquith(?),7.33,427,0.13,0.29,0.42,0.58,0.31,1,1.10,1.98,26,53,12,CZ11881,E210502-031,,,,,,
7,4900720525,Davis Oil Co.,1 Windy Hill,41.5974,-107.676107,19N,91W,29,C NW,Sixth Principal,"7,031",KB,GRB-2021-32,"7,520","7,550",Lewis,6.66,433,0.13,1.55,1.68,0.36,0.08,4,1.13,1.93,137,32,12,CZ14270,E210502-032,,,,,,
7,4900720525,Davis Oil Co.,1 Windy Hill,41.5974,-107.676107,19N,91W,29,C NW,Sixth Principal,"7,031",KB,GRB-2021-33,"7,770","7,790",Lewis,7.41,434,0.13,3.27,3.40,0.53,0.04,6,2.41,3.30,135,22,5,CZ14270,E210502-033,,,,,,
7,4900720525,Davis Oil Co.,1 Windy Hill,41.5974,-107.676107,19N,91W,29,C NW,Sixth Principal,"7,031",KB,GRB-2021-34,"7,820","7,840",Asquith,11.83,430,0.21,3.86,4.07,0.52,0.05,7,1.88,3.30,205,28,11,CZ14270,E210502-034,,,,,,
7,4900720525,Davis Oil Co.,1 Windy Hill,41.5974,-107.676107,19N,91W,29,C NW,Sixth Principal,"7,031",KB,GRB-2021-35,"8,190","8,200",Lewis,10.41,435,0.08,0.64,0.72,0.45,0.11,1,1.07,2.32,60,42,7,CZ14270,E210502-035,,,,,,
7,4900720525,Davis Oil Co.,1 Windy Hill,41.5974,-107.676107,19N,91W,29,C NW,Sixth Principal,"7,031",KB,GRB-2021-36,"7,910","7,930",Lewis,9.33,432,0.3,5.43,5.73,0.27,0.05,20,2.16,3.28,251,12,14,CZ14270,E210502-036,,,,,,
8,4900720673,Amoco Prod. Co.,Creston SE 5,41.646297,-107.600038,19N,91W,1,C SW,Sixth Principal,"6,807",KB,GRB-2021-37,"8,380","8,400",Asquith,11.83,429,0.29,5.68,5.97,0.53,0.05,11,2.18,3.60,261,24,13,CZ15290,E210502-037,,,,,,
8,4900720673,Amoco Prod. Co.,Creston SE 5,41.646297,-107.600038,19N,91W,1,C SW,Sixth Principal,"6,807",KB,GRB-2021-38,"8,610","8,620",Lewis,8.41,434,0.12,2.04,2.16,0.45,0.06,5,1.47,2.48,139,31,8,CZ15290,E210502-038,,,,,,
8,4900720673,Amoco Prod. Co.,Creston SE 5,41.646297,-107.600038,19N,91W,1,C SW,Sixth Principal,"6,807",KB,GRB-2021-39,"8,660","8,670",Lewis,8.25,434,0.16,1.73,1.89,0.32,0.08,5,1.38,2.37,126,23,12,CZ15290,E210502-039,,,,,,
9,0510706054,Texas Pacific Oil Co.,1 Bear,40.540429,-107.340993,7N,89W,26,NW NE,Sixth Principal,"6,949",KB,GRB-2021-40,"2,650","2,680",Lewis,9.33,431,0.1,1.51,1.61,0.52,0.06,3,1.28,2.40,118,41,8,DZ21010,E210502-040,,,,,,
9,0510706054,Texas Pacific Oil Co.,1 Bear,40.540429,-107.340993,7N,89W,26,NW NE,Sixth Principal,"6,949",KB,GRB-2021-41,"2,680","2,710",Lewis,9.08,433,0.07,1.47,1.54,0.63,0.05,2,1.38,2.47,107,46,5,DZ21010,E210502-041,,,,,,
9,0510706054,Texas Pacific Oil Co.,1 Bear,40.540429,-107.340993,7N,89W,26,NW NE,Sixth Principal,"6,949",KB,GRB-2021-42,"2,860","2,890",Asquith,9.25,431,0.12,2.17,2.29,0.69,0.05,3,1.54,2.65,141,45,8,DZ21010,E210502-042,,,,,,
9,0510706054,Texas Pacific Oil Co.,1 Bear,40.540429,-107.340993,7N,89W,26,NW NE,Sixth Principal,"6,949",KB,GRB-2021-43,"2,980","3,010",Lewis,7.58,433,0.09,1.63,1.72,0.50,0.05,3,1.46,2.37,112,34,6,DZ21010,E210502-043,,,,,,
10,4900705098,Sohio Petroleum,Cow Creek Unit 3,41.38157,-107.69984,16N,92W,1,SE SW,Sixth Principal,"6,710",KB,GRB-2021-44,640,650,Lewis,5.50,428,0.93,1.33,2.26,0.62,0.41,2,1.34,2.00,99,46,69,CZ03245,E210502-044,,,,,,
10,4900705098,Sohio Petroleum,Cow Creek Unit 3,41.38157,-107.69984,16N,92W,1,SE SW,Sixth Principal,"6,710",KB,GRB-2021-45,650,660,Lewis,8.08,432,0.48,1.11,1.59,0.42,0.30,3,1.04,2.01,107,40,46,CZ03245,E210502-045,,,,,,
10,4900705098,Sohio Petroleum,Cow Creek Unit 3,41.38157,-107.69984,16N,92W,1,SE SW,Sixth Principal,"6,710",KB,GRB-2021-46,700,730,Lewis,9.91,430,0.67,1.59,2.26,0.57,0.30,3,1.29,2.48,123,44,52,CZ03245,E210502-046,,,,,,
10,4900705098,Sohio Petroleum,Cow Creek Unit 3,41.38157,-107.69984,16N,92W,1,SE SW,Sixth Principal,"6,710",KB,GRB-2021-47,730,750,Lewis,14.99,427,0.71,3.87,4.58,0.66,0.16,6,1.98,3.78,195,33,36,CZ03245,E210502-047,,,,,,
10,4900705098,Sohio Petroleum,Cow Creek Unit 3,41.38157,-107.69984,16N,92W,1,SE SW,Sixth Principal,"6,710",KB,GRB-2021-48,850,870,Asquith,9.00,429,0.4,2.18,2.58,0.53,0.16,4,1.52,2.60,143,35,26,CZ03245,E210502-048,,,,,,
10,4900705098,Sohio Petroleum,Cow Creek Unit 3,41.38157,-107.69984,16N,92W,1,SE SW,Sixth Principal,"6,710",KB,GRB-2021-49,870,890,Asquith,8.41,425,0.49,4.99,5.48,0.97,0.09,5,2.71,3.72,184,36,18,CZ03245,E210502-049,,,,,,
10,4900705098,Sohio Petroleum,Cow Creek Unit 3,41.38157,-107.69984,16N,92W,1,SE SW,Sixth Principal,"6,710",KB,GRB-2021-50,"1,070","1,090",Lewis,6.25,434,0.18,1.90,2.08,0.47,0.09,4,1.53,2.28,124,31,12,CZ03245,E210502-050,,,,,,
10,4900705098,Sohio Petroleum,Cow Creek Unit 3,41.38157,-107.69984,16N,92W,1,SE SW,Sixth Principal,"6,710",KB,GRB-2021-51,"1,090","1,120",Lewis,9.66,430,0.31,1.34,1.65,0.55,0.19,2,1.31,2.47,102,42,24,CZ03245,E210502-051,,,,,,
11,4900705044,Caulkins Oil Co.,Dutch Joe Unit 1,41.106214,-107.575161,13N,91W,12,SE SE,Sixth Principal,"6,730",KB,GRB-2021-52,"2,950","2,960",Lewis,4.91,432,0.02,1.58,1.60,0.35,0.01,5,1.41,2.00,112,25,1,CZ00275,E210502-052 extracted,,,,,,
11,4900705044,Caulkins Oil Co.,Dutch Joe Unit 1,41.106214,-107.575161,13N,91W,12,SE SE,Sixth Principal,"6,730",KB,GRB-2021-53,"2,960","2,980",Asquith,6.41,431,0.02,2.17,2.19,0.47,0.01,5,1.65,2.42,132,28,1,CZ00275,E210502-053 extracted,,,,,,
11,4900705044,Caulkins Oil Co.,Dutch Joe Unit 1,41.106214,-107.575161,13N,91W,12,SE SE,Sixth Principal,"6,730",KB,GRB-2021-54,"2,980","2,990",Asquith,7.41,428,0.03,5.20,5.23,0.59,0.01,9,2.41,3.30,216,24,1,CZ00275,E210502-054 extracted,,,,,,
11,4900705044,Caulkins Oil Co.,Dutch Joe Unit 1,41.106214,-107.575161,13N,91W,12,SE SE,Sixth Principal,"6,730",KB,GRB-2021-55,"3,210","3,230",Lewis,5.66,434,0.03,1.19,1.22,0.36,0.02,3,1.21,1.89,98,30,2,CZ00275,E210502-055 extracted,,,,,,
12,4903705380,Padon Co.,1 Blair Land & Livestock,41.53861,-108.68683,18N,100W,16,SW NE,Sixth Principal,"6,622",KB,GRB-2021-56,880,910,Asquith,9.16,426,0.28,1.98,2.26,0.93,0.12,2,2.05,3.15,97,45,14,CZ04261,E210502-056,,,,,,
12,4903705380,Padon Co.,1 Blair Land & Livestock,41.53861,-108.68683,18N,100W,16,SW NE,Sixth Principal,"6,622",KB,GRB-2021-57,920,950,Asquith/Lewis,7.91,429,0.29,1.08,1.37,1.01,0.21,1,1.98,2.93,55,51,15,CZ04261,E210502-057,,,,,,
13,4903705477,Union Pacific R.R.,UPRR 11-3,41.571393,-108.674566,18N,100W,3,NW NW,Sixth Principal,"6,937",KB,GRB-2021-58,"1,190","1,210",Asquith,8.16,431,0.03,2.72,2.75,0.54,0.01,5,1.69,2.67,161,32,2,CZ04405,E210502-058 extracted,,,,,,
13,4903705477,Union Pacific R.R.,UPRR 11-3,41.571393,-108.674566,18N,100W,3,NW NW,Sixth Principal,"6,937",KB,GRB-2021-59,"1,210","1,240",Asquith/Lewis,7.41,427,0.1,5.99,6.09,0.70,0.02,9,2.61,3.50,230,27,4,CZ04405,E210502-059 extracted,,,,,,
13,4903705477,Union Pacific R.R.,UPRR 11-3,41.571393,-108.674566,18N,100W,3,NW NW,Sixth Principal,"6,937",KB,GRB-2021-60,"1,240","1,270",Lewis,10.16,427,0.07,2.36,2.43,0.65,0.03,4,1.86,3.08,127,35,4,CZ04405,E210502-060 extracted,,,,,,
14,4903720715,Champlin Petroleum,Brady Deep Unit 31N,41.389554,-108.745356,16N,101W,2,SE SW,Sixth Principal,"7,168",KB,GRB-2021-61,"2,960","2,990",Asquith,4.91,436,0.41,5.42,5.83,0.70,0.07,8,3.82,4.41,142,18,11,CZ11641,E210901-001,,,,,,
15,4903720545,Champlin Petroleum,Brady Deep Unit 13W,41.39654,-108.75375,16N,101W,2,NW NW,Sixth Principal,"7,076",KB,GRB-2021-62,"2,340","2,350",Lewis,6.50,431,0.36,4.08,4.44,0.59,0.08,7,2.14,2.92,191,28,17,CZ10424,E210901-002,,,,,,
15,4903720545,Champlin Petroleum,Brady Deep Unit 13W,41.39654,-108.75375,16N,101W,2,NW NW,Sixth Principal,"7,076",KB,GRB-2021-63,"2,350","2,370",Asquith,7.00,432,0.28,3.29,3.57,0.61,0.08,5,1.94,2.78,170,31,14,CZ10424,E210901-003,,,,,,
15,4903720545,Champlin Petroleum,Brady Deep Unit 13W,41.39654,-108.75375,16N,101W,2,NW NW,Sixth Principal,"7,076",KB,GRB-2021-64,"2,380","2,390",Asquith,5.75,431,0.61,1.67,2.28,0.66,0.27,3,1.89,2.58,88,35,32,CZ10424,E210901-004,,,,,,
15,4903720545,Champlin Petroleum,Brady Deep Unit 13W,41.39654,-108.75375,16N,101W,2,NW NW,Sixth Principal,"7,076",KB,GRB-2021-65,"2,390","2,400",Asquith/Lewis,6.41,431,0.65,1.91,2.56,0.82,0.25,2,1.86,2.63,103,44,35,CZ10424,E210901-005,,,,,,
16,4903720588,Champlin Petroleum,Brady Deep Unit 16-W,41.383601,-108.764154,16N,101W,10,SW NE,Sixth Principal,"7,111",KB,GRB-2021-66,"2,290","2,300",Lewis,10.33,430,0.25,1.56,1.81,0.83,0.14,2,1.48,2.72,105,56,17,CZ11117,E210901-006,,,,,,
16,4903720588,Champlin Petroleum,Brady Deep Unit 16-W,41.383601,-108.764154,16N,101W,10,SW NE,Sixth Principal,"7,111",KB,GRB-2021-67,"2,300","2,310",Asquith,9.58,429,0.24,2.20,2.44,0.65,0.10,3,1.54,2.69,143,42,16,CZ11117,E210901-007,,,,,,
16,4903720588,Champlin Petroleum,Brady Deep Unit 16-W,41.383601,-108.764154,16N,101W,10,SW NE,Sixth Principal,"7,111",KB,GRB-2021-68,"2,310","2,330",Asquith,7.41,431,0.16,2.00,2.16,0.73,0.07,3,1.58,2.47,127,46,10,CZ11117,E210901-008,,,,,,
16,4903720588,Champlin Petroleum,Brady Deep Unit 16-W,41.383601,-108.764154,16N,101W,10,SW NE,Sixth Principal,"7,111",KB,GRB-2021-69,"2,330","2,340",Lewis,7.16,431,0.16,1.49,1.65,0.55,0.10,3,1.35,2.21,110,41,12,CZ11117,E210901-009,,,,,,
17,0510706031,Trend Exploration,1-6 State,40.503469,-107.412365,6N,89W,6,NE SE,Sixth Principal,"6,346",KB,GRB-2021-70,"1,750","1,780",Asquith,11.75,429,0.07,0.96,1.03,0.86,0.07,1,1.58,2.99,61,54,4,DZ15470,E210901-010,,,,,,
17,0510706031,Trend Exploration,1-6 State,40.503469,-107.412365,6N,89W,6,NE SE,Sixth Principal,"6,346",KB,GRB-2021-71,"2,140","2,170",Lewis,12.00,431,0.07,0.71,0.78,0.48,0.09,1,1,2.44,71,48,7,DZ15470,E210901-011,,,,,,
18,0510706144,Quintana Petroleum,1-22 Temple,40.46029,-107.360093,6N,89W,22,NW SE,Sixth Principal,"6,631",KB,GRB-2021-72,"1,090","1,120",Asquith,11.66,428,0.04,0.64,0.68,1.01,0.06,1,1.48,2.88,43,68,3,DZ16680,E210901-012,,,,,,
18,0510706144,Quintana Petroleum,1-22 Temple,40.46029,-107.360093,6N,89W,22,NW SE,Sixth Principal,"6,631",KB,GRB-2021-73,"1,570","1,600",Lewis,8.83,428,0.03,0.28,0.31,0.68,0.10,0,1.02,2.08,27,67,3,DZ16680,E210901-013,,,,,,
18,0510706144,Quintana Petroleum,1-22 Temple,40.46029,-107.360093,6N,89W,22,NW SE,Sixth Principal,"6,631",KB,GRB-2021-74,"1,210","1,240",Lewis,7.75,428,0.02,0.31,0.33,0.80,0.06,0,1.2,2.13,26,67,2,DZ16680,E210901-014,,,,,,
18,0510706144,Quintana Petroleum,1-22 Temple,40.46029,-107.360093,6N,89W,22,NW SE,Sixth Principal,"6,631",KB,GRB-2021-75,"1,390","1,420",Lewis,8.50,428,0.02,0.32,0.34,0.69,0.06,0,1.08,2.1,30,64,2,DZ16680,E210901-015,,,,,,
18,0510706144,Quintana Petroleum,1-22 Temple,40.46029,-107.360093,6N,89W,22,NW SE,Sixth Principal,"6,631",KB,GRB-2021-76,"1,270","1,300",Lewis,11.08,429,0.02,0.30,0.32,0.64,0.06,0,1.1,2.43,27,58,2,DZ16680,E210901-016,,,,,,
19,0510706143,Quintana Petroleum,1-21 Nottingham,40.555259,-107.274561,7N,88W,21,NW NW,Sixth Principal,"6,858",KB,GRB-2021-77,"2,840","2,860",Lewis,7.66,431,0.05,0.59,0.64,0.58,0.08,1,1.05,1.97,56,55,5,DZ21071,E210901-017,,,,,,
19,0510706143,Quintana Petroleum,1-21 Nottingham,40.555259,-107.274561,7N,88W,21,NW NW,Sixth Principal,"6,858",KB,GRB-2021-78,"2,860","2,870",Asquith,7.75,432,0.04,0.51,0.55,0.51,0.07,1,1,1.93,51,51,4,DZ21071,E210901-018,,,,,,
19,0510706143,Quintana Petroleum,1-21 Nottingham,40.555259,-107.274561,7N,88W,21,NW NW,Sixth Principal,"6,858",KB,GRB-2021-79,"2,870","2,880",Asquith,7.08,430,0.03,0.26,0.29,0.75,0.10,0,0.97,1.82,27,77,3,DZ21071,E210901-019,,,,,,
19,0510706143,Quintana Petroleum,1-21 Nottingham,40.555259,-107.274561,7N,88W,21,NW NW,Sixth Principal,"6,858",KB,GRB-2021-80,"2,880","2,890",Lewis,7.25,434,0.05,0.74,0.79,0.52,0.06,1,1.09,1.96,68,48,5,DZ21071,E210901-020,,,,,,
19,0510706143,Quintana Petroleum,1-21 Nottingham,40.555259,-107.274561,7N,88W,21,NW NW,Sixth Principal,"6,858",KB,GRB-2021-81,"2,890","2,900",Lewis,7.58,435,0.05,1.01,1.06,0.45,0.05,2,1.14,2.05,89,39,4,DZ21071,E210901-021,,,,,,
19,0510706143,Quintana Petroleum,1-21 Nottingham,40.555259,-107.274561,7N,88W,21,NW NW,Sixth Principal,"6,858",KB,GRB-2021-82,"2,570","2,590",Lewis,9.91,431,0.07,1.93,2.00,0.57,0.04,3,1.53,2.72,126,37,5,DZ21071,E210901-022,,,,,,
20,4903720341,Champlin Petroleum,Brady Unit 1-21-11,41.386932,-108.75011,16N,101W,11,NE NW,Sixth Principal,"7,135",KB,GRB-2021-83,"2,480","2,490",Lewis,11.50,430,0.09,1.78,1.87,0.49,0.05,4,1.43,2.81,124,34,6,CZ09884,E210901-023,,,,,,
20,4903720341,Champlin Petroleum,Brady Unit 1-21-11,41.386932,-108.75011,16N,101W,11,NE NW,Sixth Principal,"7,135",KB,GRB-2021-84,"2,490","2,500",Asquith,13.58,429,0.09,1.77,1.86,0.84,0.05,2,1.81,3.44,98,46,5,CZ09884,E210901-024,,,,,,
20,4903720341,Champlin Petroleum,Brady Unit 1-21-11,41.386932,-108.75011,16N,101W,11,NE NW,Sixth Principal,"7,135",KB,GRB-2021-85,"2,510","2,520",Asquith,7.41,431,0.11,1.86,1.97,0.61,0.06,3,1.62,2.51,115,38,7,CZ09884,E210901-025,,,,,,
20,4903720341,Champlin Petroleum,Brady Unit 1-21-11,41.386932,-108.75011,16N,101W,11,NE NW,Sixth Principal,"7,135",KB,GRB-2021-86,"2,530","2,540",Lewis,8.66,430,0.14,2.39,2.53,0.60,0.06,4,1.89,2.93,126,32,7,CZ09884,E210901-026,,,,,,
21,4903705274,Chandler & Simpson,Govt-Robinson 1,41.37251,-108.817373,16N,101W,18,NE NE,Sixth Principal,"7,156",KB,GRB-2021-87,"1,760","1,780",Asquith(?),9.83,430,0.11,3.53,3.64,0.69,0.03,5,1.99,3.17,177,35,6,CZ03503,E210901-027,,,,,,
21,4903705274,Chandler & Simpson,Govt-Robinson 1,41.37251,-108.817373,16N,101W,18,NE NE,Sixth Principal,"7,156",KB,GRB-2021-88,"1,780","1,800",Asquith(?),6.50,429,0.13,2.78,2.91,0.78,0.04,4,1.9,2.68,146,41,7,CZ03503,E210901-028,,,,,,
22,0510705123,Sunray Oil Co.,Windner Land 1,40.555139,-107.274541,7N,88W,21,NW NW,Sixth Principal,"6,844",KB,GRB-2021-89,"2,850","2,860",Lewis,11.83,435,0.05,0.93,0.98,0.37,0.05,3,1.06,2.48,88,35,5,DC01301,E210901-029,,,,,,
22,0510705123,Sunray Oil Co.,Windner Land 1,40.555139,-107.274541,7N,88W,21,NW NW,Sixth Principal,"6,844",KB,GRB-2021-90,"2,860","2,880",Asquith,6.75,434,0.08,1.02,1.10,0.42,0.07,2,1.13,1.94,90,37,7,DC01301,E210901-030,,,,,,
22,0510705123,Sunray Oil Co.,Windner Land 1,40.555139,-107.274541,7N,88W,21,NW NW,Sixth Principal,"6,844",KB,GRB-2021-91,"2,830","2,850",Lewis,7.25,434,0.08,1.11,1.19,0.37,0.07,3,1.14,2.01,97,32,7,DC01301,E210901-031,,,,,,
22,0510705123,Sunray Oil Co.,Windner Land 1,40.555139,-107.274541,7N,88W,21,NW NW,Sixth Principal,"6,844",KB,GRB-2021-92,"2,580","2,610",Lewis,8.41,434,0.06,0.95,1.01,0.70,0.06,1,1.4,2.41,68,50,4,DC01301,E210901-032,,,,,,
23,0510706079,Dome Petroleum,Cottonwood Creek 1,40.624669,-107.159978,8N,87W,28,SW NW,Sixth Principal,"7,493",KB,GRB-2021-93,"1,170","1,200",Asquith/Lewis,15.16,429,0.12,1.43,1.55,0.63,0.08,2,1.44,3.26,99,44,8,DZ18916,E210901-033,,,,,,
24,0510705107,Pan American,"1 State ""O""",40.49646,-107.388661,6N,89W,9,NW,Sixth Principal,"6,372",DF,GRB-2021-94,"1,560","1,580",Asquith(?),9.08,427,0.13,2.29,2.42,0.85,0.05,3,1.84,2.93,124,46,7,DZ11984,E210901-034,,,,,,
24,0510705107,Pan American,"1 State ""O""",40.49646,-107.388661,6N,89W,9,NW,Sixth Principal,"6,372",DF,GRB-2021-95,"1,950","1,970",Lewis,9.00,432,0.07,0.81,0.88,0.48,0.08,2,1.08,2.16,75,44,6,DZ11984,E210901-035,,,,,,
,,,,,,,,,,,,,,,,,,,,,,,,,,,,,,,,,,,,,
,,,,,,,,,,,,,,,,,,,,,,,,,,,,,,,,,,,,,
,,,,,,,,,,,,,,,,,,,,,,,,,,,,,,,,,,,,,
,,,,,,,,,,,,,,,,,,,,,,,,,,,,,,,,,,,,,
,,,,,,,,,,,,,,,,,,,,,,,,,,,,,,,,,,,,,
,,,,,,,,,,,,,,,,,,,,,,,,,,,,,,,,,,,,,
,,,,,,,,,,,,,,,,,,,,,,,,,,,,,,,,,,,,,
,,,,,,,,,,,,,,,,,,,,,,,,,,,,,,,,,,,,,
,,,,,,,,,,,,,,,,,,,,,,,,,,,,,,,,,,,,,
,,,,,,,,,,,,,,,,,,,,,,,,,,,,,,,,,,,,,
,,,,,,,,,,,,,,,,,,,,,,,,,,,,,,,,,,,,,
,,,,,,,,,,,,,,,,,,,,,,,,,,,,,,,,,,,,,
,,,,,,,,,,,,,,,,,,,,,,,,,,,,,,,,,,,,,
,,,,,,,,,,,,,,,,,,,,,,,,,,,,,,,,,,,,,
,,,,,,,,,,,,,,,,,,,,,,,,,,,,,,,,,,,,,
,,,,,,,,,,,,,,,,,,,,,,,,,,,,,,,,,,,,,
,,,,,,,,,,,,,,,,,,,,,,,,,,,,,,,,,,,,,
,,,,,,,,,,,,,,,,,,,,,,,,,,,,,,,,,,,,,
,,,,,,,,,,,,,,,,,,,,,,,,,,,,,,,,,,,,,
,,,,,,,,,,,,,,,,,,,,,,,,,,,,,,,,,,,,,
,,,,,,,,,,,,,,,,,,,,,,,,,,,,,,,,,,,,,
,,,,,,,,,,,,,,,,,,,,,,,,,,,,,,,,,,,,,
,,,,,,,,,,,,,,,,,,,,,,,,,,,,,,,,,,,,,
,,,,,,,,,,,,,,,,,,,,,,,,,,,,,,,,,,,,,
,,,,,,,,,,,,,,,,,,,,,,,,,,,,,,,,,,,,,
,,,,,,,,,,,,,,,,,,,,,,,,,,,,,,,,,,,,,
,,,,,,,,,,,,,,,,,,,,,,,,,,,,,,,,,,,,,
,,,,,,,,,,,,,,,,,,,,,,,,,,,,,,,,,,,,,
,,,,,,,,,,,,,,,,,,,,,,,,,,,,,,,,,,,,,
,,,,,,,,,,,,,,,,,,,,,,,,,,,,,,,,,,,,,
,,,,,,,,,,,,,,,,,,,,,,,,,,,,,,,,,,,,,
,,,,,,,,,,,,,,,,,,,,,,,,,,,,,,,,,,,,,
,,,,,,,,,,,,,,,,,,,,,,,,,,,,,,,,,,,,,
,,,,,,,,,,,,,,,,,,,,,,,,,,,,,,,,,,,,,
,,,,,,,,,,,,,,,,,,,,,,,,,,,,,,,,,,,,,
,,,,,,,,,,,,,,,,,,,,,,,,,,,,,,,,,,,,,
,,,,,,,,,,,,,,,,,,,,,,,,,,,,,,,,,,,,,
,,,,,,,,,,,,,,,,,,,,,,,,,,,,,,,,,,,,,
,,,,,,,,,,,,,,,,,,,,,,,,,,,,,,,,,,,,,
,,,,,,,,,,,,,,,,,,,,,,,,,,,,,,,,,,,,,
,,,,,,,,,,,,,,,,,,,,,,,,,,,,,,,,,,,,,
,,,,,,,,,,,,,,,,,,,,,,,,,,,,,,,,,,,,,
,,,,,,,,,,,,,,,,,,,,,,,,,,,,,,,,,,,,,
,,,,,,,,,,,,,,,,,,,,,,,,,,,,,,,,,,,,,
,,,,,,,,,,,,,,,,,,,,,,,,,,,,,,,,,,,,,
,,,,,,,,,,,,,,,,,,,,,,,,,,,,,,,,,,,,,
,,,,,,,,,,,,,,,,,,,,,,,,,,,,,,,,,,,,,
,,,,,,,,,,,,,,,,,,,,,,,,,,,,,,,,,,,,,
,,,,,,,,,,,,,,,,,,,,,,,,,,,,,,,,,,,,,
,,,,,,,,,,,,,,,,,,,,,,,,,,,,,,,,,,,,,
,,,,,,,,,,,,,,,,,,,,,,,,,,,,,,,,,,,,,
,,,,,,,,,,,,,,,,,,,,,,,,,,,,,,,,,,,,,
,,,,,,,,,,,,,,,,,,,,,,,,,,,,,,,,,,,,,
,,,,,,,,,,,,,,,,,,,,,,,,,,,,,,,,,,,,,
,,,,,,,,,,,,,,,,,,,,,,,,,,,,,,,,,,,,,
,,,,,,,,,,,,,,,,,,,,,,,,,,,,,,,,,,,,,
,,,,,,,,,,,,,,,,,,,,,,,,,,,,,,,,,,,,,
,,,,,,,,,,,,,,,,,,,,,,,,,,,,,,,,,,,,,
,,,,,,,,,,,,,,,,,,,,,,,,,,,,,,,,,,,,,
,,,,,,,,,,,,,,,,,,,,,,,,,,,,,,,,,,,,,
,,,,,,,,,,,,,,,,,,,,,,,,,,,,,,,,,,,,,
,,,,,,,,,,,,,,,,,,,,,,,,,,,,,,,,,,,,,
,,,,,,,,,,,,,,,,,,,,,,,,,,,,,,,,,,,,,
,,,,,,,,,,,,,,,,,,,,,,,,,,,,,,,,,,,,,
,,,,,,,,,,,,,,,,,,,,,,,,,,,,,,,,,,,,,
,,,,,,,,,,,,,,,,,,,,,,,,,,,,,,,,,,,,,
,,,,,,,,,,,,,,,,,,,,,,,,,,,,,,,,,,,,,
,,,,,,,,,,,,,,,,,,,,,,,,,,,,,,,,,,,,,
,,,,,,,,,,,,,,,,,,,,,,,,,,,,,,,,,,,,,
,,,,,,,,,,,,,,,,,,,,,,,,,,,,,,,,,,,,,
,,,,,,,,,,,,,,,,,,,,,,,,,,,,,,,,,,,,,
,,,,,,,,,,,,,,,,,,,,,,,,,,,,,,,,,,,,,
,,,,,,,,,,,,,,,,,,,,,,,,,,,,,,,,,,,,,
,,,,,,,,,,,,,,,,,,,,,,,,,,,,,,,,,,,,,
,,,,,,,,,,,,,,,,,,,,,,,,,,,,,,,,,,,,,
