Sample,As_ppm,Ds_ppm,Ts_ppm,Total_ppm,MD4_3_ppm,MAI,EAI,DMAI1,DMAI2,TMAI1,TMAI2,MDI,DMDI1,DMDI2,MTI,MAs_MDs,Rc_pct,EASY_Ro,Facies,region,endmember,system
SM1,465.0,26,1.1,492.0,14.0,0.46,0.23,0.49,0.3,0.22,0.31,0.28,0.2,0.53,0.41,6.3,1.13,1.13,III,Wushi,coaly-III,Kuqa(high-maturity light oil)
SM2,681.0,29,1.0,711.0,15.9,0.45,0.23,0.49,0.28,0.22,0.31,0.31,0.24,0.6,0.38,8.4,1.19,0.86,III,Wushi,coaly-III,Kuqa(high-maturity light oil)
WC1-1,697.0,30,1.0,728.0,16.1,0.44,0.22,0.46,0.27,0.23,0.31,0.31,0.23,0.57,0.43,8.0,1.19,0.86,III,Wushi,coaly-III,Kuqa(high-maturity light oil)
WC1-2,727.0,34,0.8,762.0,18.4,0.43,0.22,0.45,0.26,0.21,0.29,0.29,0.19,0.46,0.41,7.4,1.14,0.87,III,Wushi,coaly-III,Kuqa(high-maturity light oil)
AW3,3590.0,187,11.7,3789.0,95.8,0.57,0.35,0.63,0.41,0.38,0.43,0.34,0.27,0.58,0.41,8.6,1.28,1.53,III,Bozi,coaly-III,Kuqa(high-maturity light oil)
BZ1,3250.0,156,9.1,3415.0,79.9,0.54,0.35,0.58,0.36,0.31,0.38,0.32,0.24,0.54,0.37,8.4,1.22,1.26,III,Bozi,coaly-III,Kuqa(high-maturity light oil)
BZ102,2563.0,128,8.4,2700.0,65.7,0.52,0.33,0.54,0.34,0.27,0.35,0.31,0.23,0.55,0.39,7.2,1.19,1.19,III,Bozi,coaly-III,Kuqa(high-maturity light oil)
BZ104,3780.0,213,12.0,4004.0,108.8,0.56,0.34,0.59,0.38,0.31,0.39,0.37,0.26,0.55,0.44,6.5,1.35,1.39,III,Bozi,coaly-III,Kuqa(high-maturity light oil)
BZ3,1468.0,57,0.1,1526.0,29.6,0.48,0.27,0.51,0.31,0.25,0.32,0.33,0.24,0.53,,8.7,1.25,0.81,III,Bozi,coaly-III,Kuqa(high-maturity light oil)
DB101,5349.0,289,18.8,5658.0,145.2,0.7,0.42,0.84,0.65,0.6,0.62,0.41,0.36,0.63,0.46,7.9,1.44,2.01,III,Dabei,coaly-III,Kuqa(high-maturity light oil)
DB101-1,4983.0,316,19.8,5319.0,159.3,0.7,0.42,0.77,0.53,0.53,0.53,0.42,0.38,0.65,0.44,7.5,1.45,1.96,III,Dabei,coaly-III,Kuqa(high-maturity light oil)
DB1,5003.0,335,21.4,5360.0,168.2,0.67,0.4,0.77,0.49,0.52,0.51,0.42,0.38,0.64,0.51,7.0,1.46,1.95,III,Dabei,coaly-III,Kuqa(high-maturity light oil)
DB11,4797.0,301,18.7,5117.0,149.5,0.68,0.41,0.79,0.53,0.54,0.54,0.43,0.37,0.65,0.47,7.5,1.49,1.96,III,Dabei,coaly-III,Kuqa(high-maturity light oil)
DB2,4718.0,322,21.5,5062.0,158.9,0.68,0.42,0.78,0.51,0.52,0.52,0.41,0.37,0.63,0.46,6.8,1.43,1.97,III,Dabei,coaly-III,Kuqa(high-maturity light oil)
DB201,4813.0,453,29.9,5296.0,222.5,0.67,0.41,0.77,0.52,0.5,0.53,0.42,0.37,0.63,0.49,4.8,1.45,2.06,III,Dabei,coaly-III,Kuqa(high-maturity light oil)
DB208,4516.0,332,24.8,4872.0,165.8,0.71,0.5,0.81,0.56,0.56,0.58,0.44,0.41,0.66,0.47,6.2,1.51,2.08,III,Dabei,coaly-III,Kuqa(high-maturity light oil)
DB301,,1080,69.3,,535.6,0.71,0.52,0.8,0.53,0.53,0.54,0.42,0.37,0.63,0.47,5.6,1.47,2.07,III,Dabei,coaly-III,Kuqa(high-maturity light oil)
KS102,856.0,141,14.6,1011.0,71.6,0.65,0.37,0.69,0.55,0.43,0.58,0.31,0.46,0.56,0.55,1.7,1.2,2.09,I,Keshen,lacustrine-II,Kuqa(high-maturity light oil)
KS103,128.0,11,0.8,141.0,5.1,0.51,0.27,0.28,0.16,0.25,0.37,0.37,0.37,0.56,0.57,4.8,1.34,1.5,II,Keshen,lacustrine-II,Kuqa(high-maturity light oil)
KS204,710.0,118,12.4,841.0,61.2,0.59,0.35,0.61,0.46,0.35,0.5,0.21,0.4,0.48,0.51,1.8,0.94,1.96,I,Keshen,lacustrine-II,Kuqa(high-maturity light oil)
KL201-1,,1925,214.4,,910.4,0.79,0.62,0.83,0.68,0.59,0.68,0.58,0.52,0.58,0.58,2.0,1.84,2.4,II,Kela,lacustrine-II,Kuqa(high-maturity light oil)
KL201-2,,2780,319.5,,1317.1,0.77,0.61,0.82,0.67,0.56,0.67,0.57,0.51,0.58,0.59,1.3,1.84,2.44,I,Kela,lacustrine-II,Kuqa(high-maturity light oil)
KL201-3,,2602,297.0,,1238.9,0.8,0.63,0.83,0.68,0.61,0.7,0.58,0.52,0.6,0.59,2.5,1.85,2.4,II,Kela,lacustrine-II,Kuqa(high-maturity light oil)
KL203,,2496,278.4,,1187.8,0.82,0.65,0.84,0.69,0.62,0.7,0.58,0.53,0.61,0.6,2.8,1.85,2.39,II,Kela,lacustrine-II,Kuqa(high-maturity light oil)
KL3,937.0,193,11.2,1141.0,86.3,0.73,0.4,0.79,0.63,0.54,0.66,0.53,0.47,0.59,0.61,1.8,1.72,2.33,II,Kela,lacustrine-II,Kuqa(high-maturity light oil)
DN102,4778.0,211,5.7,4995.0,109.8,0.56,0.34,0.67,0.38,0.36,0.35,0.3,0.25,0.6,0.28,9.6,1.18,1.33,III,Dina,coaly-III,Kuqa(high-maturity light oil)
DN11,4164.0,193,6.1,4363.0,102.0,0.55,0.34,0.7,0.39,0.38,0.36,0.33,0.27,0.64,0.34,9.2,1.23,1.42,III,Dina,coaly-III,Kuqa(high-maturity light oil)
DN2,5251.0,304,9.4,5565.0,161.4,0.52,0.32,0.66,0.36,0.35,0.33,0.3,0.24,0.64,0.3,6.5,1.16,1.46,III,Dina,coaly-III,Kuqa(high-maturity light oil)
DN201,4224.0,172,4.1,4400.0,91.4,0.54,0.32,0.68,0.36,0.35,0.34,0.3,0.24,0.61,0.3,10.3,1.16,1.21,III,Dina,coaly-III,Kuqa(high-maturity light oil)
DN202,5448.0,241,7.2,5696.0,128.5,0.54,0.3,0.68,0.37,0.38,0.35,0.3,0.23,0.58,0.31,9.4,1.16,1.3,III,Dina,coaly-III,Kuqa(high-maturity light oil)
DN204,4875.0,200,5.8,5081.0,105.4,0.54,0.31,0.69,0.38,0.38,0.35,0.3,0.24,0.6,0.33,10.5,1.18,1.27,III,Dina,coaly-III,Kuqa(high-maturity light oil)
DN22,3661.0,153,4.6,3819.0,81.5,0.45,0.29,0.5,0.31,0.25,0.29,0.3,0.21,0.57,0.33,7.6,1.18,0.87,III,Dina,coaly-III,Kuqa(high-maturity light oil)
DX1,2168.0,107,3.7,2279.0,53.7,0.53,0.31,0.55,0.35,0.29,0.37,0.33,0.26,0.55,0.35,8.0,1.25,1.25,III,Dibei,mixed,Kuqa(high-maturity light oil)
Y603,3677.0,212,13.1,3903.0,104.3,0.57,0.31,0.68,0.45,0.36,0.44,0.41,0.39,0.63,0.46,5.9,1.43,1.58,III,Dibei,mixed,Kuqa(high-maturity light oil)
YN2-1,545.0,26,0.5,572.0,12.3,0.39,0.19,0.43,0.25,0.21,0.27,0.25,0.28,0.56,,6.5,1.05,0.81,II,Dibei,mixed,Kuqa(high-maturity light oil)
YN2-2,1630.0,97,3.5,1731.0,50.6,0.52,0.28,0.54,0.34,0.28,0.36,0.33,0.25,0.53,0.34,6.2,1.24,1.34,III,Dibei,mixed,Kuqa(high-maturity light oil)
YN5,462.0,25,0.5,487.0,11.0,0.43,0.21,0.46,0.27,0.22,0.29,0.17,0.27,0.45,,6.2,0.86,0.94,II,Dibei,mixed,Kuqa(high-maturity light oil)
TZ1,9365.0,463,23.1,9852.0,239.2,0.56,0.45,0.58,0.38,0.27,0.32,0.32,0.25,0.56,0.31,6.5,1.22,1.25,III,Tuzi,coaly-III,Kuqa(high-maturity light oil)
TZ3,,333,5.0,,169.7,0.59,0.45,0.58,0.37,0.32,0.36,0.39,0.3,0.58,0.4,14.5,1.39,1.25,III,Tuzi,coaly-III,Kuqa(high-maturity light oil)
TD2,981.0,49,1.9,1032.0,25.7,0.47,0.26,0.51,0.31,0.23,0.31,0.29,0.26,0.56,0.37,6.6,1.14,1.06,III,Tudong,mixed,Kuqa(high-maturity light oil)
TD201,707.0,50,2.5,760.0,25.1,0.48,0.27,0.52,0.33,0.24,0.32,0.3,0.28,0.58,0.39,4.8,1.18,1.36,II,Tudong,mixed,Kuqa(high-maturity light oil)
QL1,732.0,53,4.2,789.0,28.8,0.48,0.27,0.53,0.33,0.24,0.34,0.31,0.24,0.56,0.38,4.9,1.19,1.4,II,Yangtake,lacustrine-II,Kuqa(high-maturity light oil)
YT1T,3049.0,177,9.4,3235.0,93.0,0.53,0.33,0.54,0.33,0.27,0.35,0.33,0.24,0.55,0.38,5.8,1.25,1.29,II,Yangtake,lacustrine-II,Kuqa(high-maturity light oil)
YT2,3549.0,204,10.9,3764.0,105.5,0.53,0.34,0.52,0.32,0.28,0.35,0.34,0.24,0.56,0.39,5.7,1.26,1.26,II,Yangtake,lacustrine-II,Kuqa(high-maturity light oil)
YT101,2461.0,142,8.4,2612.0,75.2,0.53,0.32,0.54,0.33,0.27,0.36,0.33,0.23,0.54,0.39,5.9,1.24,1.29,II,Yangtake,lacustrine-II,Kuqa(high-maturity light oil)
YM7,1411.0,62,2.9,1476.0,31.6,0.57,0.33,0.56,0.34,0.28,0.36,0.35,0.26,0.51,0.38,7.9,1.29,1.11,III,Yingmai,coaly-III,Kuqa(high-maturity light oil)
YM9,1751.0,80,3.3,1834.0,42.2,0.58,0.34,0.56,0.34,0.29,0.37,0.35,0.23,0.5,0.39,7.5,1.3,1.15,III,Yingmai,coaly-III,Kuqa(high-maturity light oil)
YM16,1685.0,64,2.5,1752.0,33.3,0.58,0.32,0.56,0.34,0.3,0.38,0.37,0.25,0.53,0.41,9.0,1.34,1.01,III,Yingmai,coaly-III,Kuqa(high-maturity light oil)
YM17,1387.0,60,2.7,1450.0,31.6,0.56,0.33,0.56,0.34,0.29,0.37,0.36,0.24,0.52,0.42,7.6,1.32,1.1,III,Yingmai,coaly-III,Kuqa(high-maturity light oil)
YM19,1519.0,62,3.1,1585.0,31.9,0.59,0.33,0.58,0.36,0.3,0.38,0.36,0.25,0.52,0.4,8.5,1.31,1.09,III,Yingmai,coaly-III,Kuqa(high-maturity light oil)
YM21,1851.0,75,2.9,1929.0,38.9,0.56,0.33,0.53,0.32,0.3,0.37,0.36,0.24,0.54,0.41,8.8,1.3,1.03,III,Yingmai,coaly-III,Kuqa(high-maturity light oil)
YM35,237.0,11,0.0,248.0,5.6,0.44,0.21,0.51,0.3,0.23,0.32,0.3,0.17,0.4,,8.0,1.16,1.01,III,Yingmai,coaly-III,Kuqa(high-maturity light oil)
YM41,451.0,23,0.9,475.0,11.7,0.47,0.23,0.51,0.3,0.24,0.33,0.31,0.22,0.56,0.5,7.5,1.19,1.06,III,Yingmai,coaly-III,Kuqa(high-maturity light oil)
HQ1,1601.0,64,2.2,1667.0,34.5,0.51,0.27,0.5,0.3,0.25,0.33,0.34,0.21,0.54,0.36,9.3,1.26,0.87,III,Hongqi,coaly-III,Kuqa(high-maturity light oil)
HQ2,1515.0,62,2.2,1579.0,32.6,0.51,0.27,0.5,0.3,0.25,0.34,0.33,0.22,0.49,0.35,8.9,1.25,0.91,III,Hongqi,coaly-III,Kuqa(high-maturity light oil)
YH5-1,1448.0,95,5.5,1549.0,50.5,0.5,0.27,0.51,0.31,0.25,0.33,0.39,0.25,0.54,0.43,5.2,1.38,1.31,II,Yaha,lacustrine-II,Kuqa(high-maturity light oil)
YH5-2,396.0,29,1.8,427.0,14.1,0.46,0.23,0.5,0.31,0.23,0.33,0.23,0.22,0.41,0.51,5.3,0.99,1.31,II,Yaha,lacustrine-II,Kuqa(high-maturity light oil)
YH701-1,1439.0,88,5.4,1533.0,46.3,0.5,0.26,0.52,0.31,0.24,0.31,0.35,0.25,0.55,0.4,5.5,1.29,1.24,II,Yaha,lacustrine-II,Kuqa(high-maturity light oil)
YH701-2,1402.0,100,6.9,1509.0,52.4,0.5,0.26,0.52,0.31,0.24,0.32,0.36,0.25,0.53,0.43,4.6,1.31,1.35,II,Yaha,lacustrine-II,Kuqa(high-maturity light oil)
YH7x-1,384.0,35,1.1,420.0,14.2,0.43,0.24,0.45,0.28,0.21,0.3,0.11,0.2,0.29,0.54,4.4,0.71,1.34,II,Yaha,lacustrine-II,Kuqa(high-maturity light oil)
