map #,API,Operator,Well,Latitude,Longitude,Tnsp,Rng,sec,QQ,Meridian,Elev,Ref,sample #,top,bottom,Formation,% CaCO3,Tmax,S1,S2,G.P.,S3,PI,S2/S3,LECO TOC,TC,HI,OI,(S1/TOC)*100,LIMS ID
,,,,,,,,,,,feet,,,feet,feet,,(TC-TOC)*8.33,°C,mgHC/g-rock,mgHC/g-rock,S1+S2,mgCO2/g-rock,S1/(S1+S2),,Wt. %,Wt. %,(S2/TOC)*100,(S3/TOC)*100,,
1,4901320972,Davis Oil Co.,Maggie State 1,42.7482,-107.846471,32N,92W,16,se nw,Sixth Principal,"6,784",KB,WRB-2018-1,"1,620","1,700",Mowry,1.58,429,0.37,3.23,3.60,0.57,0.1,6,1.73,1.92,187,33,21,E181009-001
1,4901320972,Davis Oil Co.,Maggie State 1,42.7482,-107.846471,32N,92W,16,se nw,Sixth Principal,"6,784",KB,WRB-2018-2,"1,760","1,820",Mowry,2.83,428,0.4,0.94,1.34,0.98,0.3,1,2.21,2.55,42,44,18,E181009-002
1,4901320972,Davis Oil Co.,Maggie State 1,42.7482,-107.846471,32N,92W,16,se nw,Sixth Principal,"6,784",KB,WRB-2018-3,"1,910","1,940",Shell Creek,2.25,425,0.26,2.23,2.49,0.63,0.1,4,1.68,1.95,133,38,16,E181009-003
2,4901306918,Forest Oil,18-1 State,42.744521,-107.882843,32N,92W,18,nw se,Sixth Principal,"6,943",KB,WRB-2018-4,"1,140","1,200",Mowry,2.08,429,0.29,2.61,2.90,0.82,0.1,3,1.93,2.18,135,42,15,E181009-004
2,4901306918,Forest Oil,18-1 State,42.744521,-107.882843,32N,92W,18,nw se,Sixth Principal,"6,943",KB,WRB-2018-5,"1,240","1,300",Mowry,2.58,421,0.48,7.98,8.46,0.99,0.06,8,3.18,3.49,251,31,15,E181009-005
3,4901305513,Murphy Oil,1 Chew-Federal,42.762077,-107.872832,32N,92W,8,sw nw,Sixth Principal,"6,594",KB,WRB-2018-6,"2,340","2,350",Mowry,3.75,423,0.55,8.32,8.87,0.74,0.06,11,2.58,3.03,323,29,21,E181009-006
4,4902505826,MKM Expl.,Wolters-Federal 1,42.906028,-107.405183,34N,88W,20,sw ne,Sixth Principal,"6,441",KB,WRB-2018-7,"1,620","1,650",Mowry,0.83,427,0.39,4.53,4.92,0.45,0.08,10,2.08,2.18,218,22,19,E181009-007
5,4902505828,Forest Oil,Govt. 20-1,42.908756,-107.401439,34N,88W,20,ne ne,Sixth Principal,"6,465",KB,WRB-2018-8,"2,220","2,250",Mowry,0.92,425,0.36,3.82,4.18,0.79,0.09,5,2.06,2.17,185,38,17,E181009-008
6,4901305516,Oil Capitol Corp.,Govt. 1,42.762507,-107.911308,32N,93W,12,sw nw,Sixth Principal,"6,458",KB,WRB-2018-9,"1,730","1,760",Mowry,4.25,428,0.38,3.29,3.67,0.64,0.1,5,1.89,2.40,174,34,20,E181009-009
6,4901305516,Oil Capitol Corp.,Govt. 1,42.762507,-107.911308,32N,93W,12,sw nw,Sixth Principal,"6,458",KB,WRB-2018-10,"1,850","1,900",Mowry,1.75,424,0.43,5.65,6.08,0.83,0.07,7,2.56,2.77,221,32,17,E181009-010
6,4901305516,Oil Capitol Corp.,Govt. 1,42.762507,-107.911308,32N,93W,12,sw nw,Sixth Principal,"6,458",KB,WRB-2018-11,"2,000","2,020",Shell Creek,2.75,425,0.44,4.17,4.61,0.65,0.1,6,2.07,2.40,201,31,21,E181009-011
7,4902505499,Jones & Jones,1-6C Govt.,42.77861,-107.1825,32N,86W,6,ne nw,Sixth Principal,"6,701",KB,WRB-2018-12,"1,770","1,790",Mowry,1.25,427,0.42,3.52,3.94,0.84,0.11,4,2.34,2.49,150,36,18,E181009-012
7,4902505499,Jones & Jones,1-6C Govt.,42.77861,-107.1825,32N,86W,6,ne nw,Sixth Principal,"6,701",KB,WRB-2018-13,"1,820","1,830",Mowry,0.25,422,0.61,8.42,9.03,0.98,0.07,9,3.38,3.41,249,29,18,E181009-013
7,4902505499,Jones & Jones,1-6C Govt.,42.77861,-107.1825,32N,86W,6,ne nw,Sixth Principal,"6,701",KB,WRB-2018-14,"1,950","1,960",Mowry,3.08,423,0.6,5.35,5.95,0.81,0.1,7,2.63,3.00,203,31,23,E181009-014
7,4902505499,Jones & Jones,1-6C Govt.,42.77861,-107.1825,32N,86W,6,ne nw,Sixth Principal,"6,701",KB,WRB-2018-15,"2,020","2,030",Shell Creek,1.08,430,0.28,0.80,1.08,0.54,0.26,1,1.15,1.28,70,47,24,E181009-015
7,4902505499,Jones & Jones,1-6C Govt.,42.77861,-107.1825,32N,86W,6,ne nw,Sixth Principal,"6,701",KB,WRB-2018-16,"2,130","2,150",Thermopolis,1.17,437,0.37,1.83,2.20,0.50,0.17,4,1.44,1.58,127,35,26,E181009-016
8,4902505257,Alpine Oil Co.,1 Govt.,42.565813,-106.519091,30N,81W,14,nw sw,Sixth Principal,"5,816",KB,WRB-2018-17,"1,000","1,020",Mowry,4.25,429,0.5,7.58,8.08,0.41,0.06,18,2.60,3.11,291,16,19,E181009-017
9,4902505336,Colorado Oil and Gas,1 Federal-English,42.65789,-106.8925,31N,84W,15,sw nw,Sixth Principal,"6,326",KB,WRB-2018-18,"1,290","1,300",Mowry,1.67,417,0.48,10.49,10.97,0.92,0.04,11,3.48,3.68,301,26,14,E181009-018
9,4902505336,Colorado Oil and Gas,1 Federal-English,42.65789,-106.8925,31N,84W,15,sw nw,Sixth Principal,"6,326",KB,WRB-2018-19,"1,340","1,350",Mowry,0.67,420,0.54,9.30,9.84,0.84,0.05,11,3.27,3.35,285,26,17,E181009-019
10,4902505333,Chicago Corp.,Govt.-Tysor 1-C,42.651261,-106.841851,31N,84W,13,sw se,Sixth Principal,"6,423",KB,WRB-2018-20,"1,370","1,410",Mowry,1.08,429,0.36,6.87,7.23,1.22,0.05,6,2.64,2.77,261,46,14,E181009-020
10,4902505333,Chicago Corp.,Govt.-Tysor 1-C,42.651261,-106.841851,31N,84W,13,sw se,Sixth Principal,"6,423",KB,WRB-2018-21,"1,550","1,570",Mowry,7.91,422,0.27,2.89,3.16,0.96,0.09,3,2.37,3.32,122,40,11,E181009-021
11,4901305760,Superior Oil Co.,Davis-Govt. 81-4,42.86772,-107.620134,33N,90W,4,ne ne,Sixth Principal,"6,198",KB,WRB-2018-22,"2,920","2,950",Mowry,1.00,427,1.6,3.11,4.71,0.62,0.34,5,2.23,2.35,140,28,72,E181009-022
11,4901305760,Superior Oil Co.,Davis-Govt. 81-4,42.86772,-107.620134,33N,90W,4,ne ne,Sixth Principal,"6,198",KB,WRB-2018-23,"3,020","3,050",Mowry,5.33,422,2.15,9.25,11.40,0.82,0.19,11,3.19,3.83,290,26,67,E181009-023
11,4901305760,Superior Oil Co.,Davis-Govt. 81-4,42.86772,-107.620134,33N,90W,4,ne ne,Sixth Principal,"6,198",KB,WRB-2018-24,"3,090","3,110",Mowry,7.08,421,1.5,8.29,9.79,0.79,0.15,10,2.75,3.60,301,29,54,E181009-024
11,4901305760,Superior Oil Co.,Davis-Govt. 81-4,42.86772,-107.620134,33N,90W,4,ne ne,Sixth Principal,"6,198",KB,WRB-2018-25,"3,230","3,250",Shell Creek,3.33,426,0.38,3.98,4.36,0.59,0.09,7,1.91,2.31,208,31,20,E181009-025
12,4902520522,Signal Oil and Gas,71 Federal 3F-1A,42.688446,-107.006967,31N,85W,3,se nw,Sixth Principal,"6,603",KB,WRB-2018-26,"3,300","3,310",Mowry,3.67,424,0.37,5.41,5.78,1.32,0.06,4,2.79,3.23,194,47,13,E181009-026
13,4902505252,Skelly Oil Co.,1 Tresner,42.55007,-106.583711,30N,81W,19,ne se,Sixth Principal,"5,640",KB,WRB-2018-27,"1,020","1,030",Mowry,0.00,431,0.58,10.47,11.05,0.51,0.05,21,3.04,3.01,345,17,19,E181009-027
13,4902505252,Skelly Oil Co.,1 Tresner,42.55007,-106.583711,30N,81W,19,ne se,Sixth Principal,"5,640",KB,WRB-2018-28,"1,160","1,170",Mowry,2.75,428,0.76,7.62,8.38,0.56,0.09,14,2.66,2.99,286,21,29,E181009-028
14,4901320417,Oil Development of Texas,USA-Cabot 1,42.772974,-107.702462,32N,91W,3,ne se,Sixth Principal,"6,341",KB,WRB-2018-29,"1,060","1,070",Mowry,1.17,426,0.37,4.60,4.97,0.78,0.07,6,2.10,2.24,219,37,18,E181009-029
14,4901320417,Oil Development of Texas,USA-Cabot 1,42.772974,-107.702462,32N,91W,3,ne se,Sixth Principal,"6,341",KB,WRB-2018-30,"1,130","1,140",Mowry,1.67,427,0.37,2.12,2.49,0.94,0.15,2,2.34,2.54,91,40,16,E181009-030
14,4901320417,Oil Development of Texas,USA-Cabot 1,42.772974,-107.702462,32N,91W,3,ne se,Sixth Principal,"6,341",KB,WRB-2018-31,"1,180","1,190",Mowry,2.58,424,0.37,3.59,3.96,0.92,0.09,4,2.64,2.95,136,35,14,E181009-031
15,4901320225,Oil and Gas Futures of Texas,1 Reserve-Govt.,42.58333,-108.10639,30N,94W,8,sw sw,Sixth Principal,"6,671",KB,WRB-2018-32,"2,040","2,050",Mowry,2.75,427,0.35,5.09,5.44,0.68,0.06,7,1.83,2.16,278,37,19,E181009-032
15,4901320225,Oil and Gas Futures of Texas,1 Reserve-Govt.,42.58333,-108.10639,30N,94W,8,sw sw,Sixth Principal,"6,671",KB,WRB-2018-33,"2,080","2,110",Mowry,2.75,426,0.3,4.77,5.07,0.70,0.06,7,1.92,2.25,248,36,16,E181009-033
16,4901320128,Apache Corp.,US-Tomahawk 1,42.798346,-108.608202,33N,98W,30,se se,Sixth Principal,"5,463",KB,WRB-2018-34,"1,730","1,740",Mowry,1.83,427,0.43,4.58,5.01,0.43,0.09,11,1.92,2.14,238,22,22,E181009-034
16,4901320128,Apache Corp.,US-Tomahawk 1,42.798346,-108.608202,33N,98W,30,se se,Sixth Principal,"5,463",KB,WRB-2018-35,"1,790","1,810",Mowry,1.33,425,0.51,5.79,6.30,0.68,0.08,9,2.17,2.33,267,31,23,E181009-035
16,4901320128,Apache Corp.,US-Tomahawk 1,42.798346,-108.608202,33N,98W,30,se se,Sixth Principal,"5,463",KB,WRB-2018-36,"1,890","1,900",Mowry,2.33,426,0.37,4.23,4.60,0.66,0.08,6,2.12,2.40,200,31,17,E181009-036
17,4902505487,Jones & Jones,Govt 1-9-C,42.764699,-107.144181,32N,86W,9,ne nw,Sixth Principal,"6,650",KB,WRB-2018-37,"2,480","2,500",Mowry,3.00,428,0.25,3.45,3.70,0.74,0.07,5,2.04,2.40,169,36,12,E181009-037
17,4902505487,Jones & Jones,Govt 1-9-C,42.764699,-107.144181,32N,86W,9,ne nw,Sixth Principal,"6,650",KB,WRB-2018-38,"2,540","2,560",Mowry,2.00,418,0.59,9.40,9.99,0.64,0.06,15,2.83,3.07,332,23,21,E181009-038
17,4902505487,Jones & Jones,Govt 1-9-C,42.764699,-107.144181,32N,86W,9,ne nw,Sixth Principal,"6,650",KB,WRB-2018-39,"2,600","2,620",Mowry,4.00,417,0.44,9.35,9.79,0.70,0.04,13,3.19,3.67,293,22,14,E181009-039
17,4902505487,Jones & Jones,Govt 1-9-C,42.764699,-107.144181,32N,86W,9,ne nw,Sixth Principal,"6,650",KB,WRB-2018-40,"2,670","2,680",Mowry,0.83,422,0.2,1.31,1.51,1.01,0.13,1,2.43,2.53,54,42,8,E181009-040
17,4902505487,Jones & Jones,Govt 1-9-C,42.764699,-107.144181,32N,86W,9,ne nw,Sixth Principal,"6,650",KB,WRB-2018-41,"2,720","2,740",Shell Creek,2.75,431,0.2,1.55,1.75,0.45,0.11,3,1.28,1.61,121,35,16,E181009-041
17,4902505487,Jones & Jones,Govt 1-9-C,42.764699,-107.144181,32N,86W,9,ne nw,Sixth Principal,"6,650",KB,WRB-2018-42,"2,820","2,830",Thermopolis,20.91,430,0.21,2.14,2.35,0.70,0.09,3,1.41,3.92,152,50,15,E181009-042
18,4902505247,J.R. Hatch,1 Govt.,42.52922,-106.631282,30N,82W,35,ne nw,Sixth Principal,"5,774",KB,WRB-2018-43,530,560,Mowry,0.75,432,0.37,5.09,5.46,0.59,0.07,9,2.23,2.32,228,26,17,E181014-001
18,4902505247,J.R. Hatch,1 Govt.,42.52922,-106.631282,30N,82W,35,ne nw,Sixth Principal,"5,774",KB,WRB-2018-44,640,670,Mowry,4.00,428,0.58,9.35,9.93,0.70,0.06,13,2.87,3.35,326,24,20,E181014-002
19,4902520638,Aladdin Pet. Co.,2 Federal,42.54761,-106.665,30N,82W,21,sw se,Sixth Principal,"5,531",KB,WRB-2018-45,300,330,Mowry,0.00,430,0.54,8.66,9.20,0.54,0.06,16,2.67,2.67,324,20,20,E181014-003
19,4902520638,Aladdin Pet. Co.,2 Federal,42.54761,-106.665,30N,82W,21,sw se,Sixth Principal,"5,531",KB,WRB-2018-46,340,370,Mowry,2.67,426,0.62,12.80,13.42,0.72,0.05,18,3.26,3.58,392,22,19,E181014-004
19,4902520638,Aladdin Pet. Co.,2 Federal,42.54761,-106.665,30N,82W,21,sw se,Sixth Principal,"5,531",KB,WRB-2018-47,390,410,Mowry,5.83,426,0.51,12.09,12.60,0.67,0.04,18,3.34,4.04,361,20,15,E181014-005
20,4902505301,Chicago Corp.,Tysor 1-B,42.62879,-106.77739,31N,83W,28,se ne,Sixth Principal,"6,658",KB,WRB-2018-48,"2,390","2,400",Mowry,4.50,424,0.58,10.25,10.83,0.43,0.05,24,2.80,3.34,366,15,21,E181014-006
20,4902505301,Chicago Corp.,Tysor 1-B,42.62879,-106.77739,31N,83W,28,se ne,Sixth Principal,"6,658",KB,WRB-2018-49,"2,420","2,425",Mowry,2.33,427,0.65,8.32,8.97,0.48,0.07,17,2.81,3.09,296,17,23,E181014-007
20,4902505301,Chicago Corp.,Tysor 1-B,42.62879,-106.77739,31N,83W,28,se ne,Sixth Principal,"6,658",KB,WRB-2018-50,"2,440","2,445",Mowry,2.67,426,0.49,7.56,8.05,0.34,0.06,22,2.57,2.89,294,13,19,E181014-008
20,4902505301,Chicago Corp.,Tysor 1-B,42.62879,-106.77739,31N,83W,28,se ne,Sixth Principal,"6,658",KB,WRB-2018-51,"2,465","2,470",Shell Creek,3.00,427,0.51,5.99,6.50,0.43,0.08,14,2.48,2.84,241,17,21,E181014-009
21,4902505426,Davis Oil Co.,Bonnette-Federal 1,42.7319,-106.6014,32N,82W,24,ne ne,Sixth Principal,"5,462",KB,WRB-2018-52,550,570,Mowry,18.08,430,0.17,1.58,1.75,0.69,0.1,2,1.38,3.55,114,50,12,E181014-010
21,4902505426,Davis Oil Co.,Bonnette-Federal 1,42.7319,-106.6014,32N,82W,24,ne ne,Sixth Principal,"5,462",KB,WRB-2018-53,630,640,Mowry,3.75,424,0.51,9.33,9.84,0.52,0.05,18,2.68,3.13,348,19,19,E181014-011
22,4901305994,Sinclair Oil,1 Little Shield,42.9675,-108.73319,1S,1E,23,nw nw,Wind River,"5,351",DF,WRB-2018-54,"1,100","1,110",Mowry,3.33,427,0.48,3.03,3.51,0.63,0.14,5,1.81,2.21,168,35,27,E181014-012
22,4901305994,Sinclair Oil,1 Little Shield,42.9675,-108.73319,1S,1E,23,nw nw,Wind River,"5,351",DF,WRB-2018-55,"1,110","1,120",Shell Creek,2.00,427,0.33,2.03,2.36,0.66,0.14,3,1.47,1.71,138,45,22,E181014-013
23,4901305260,Bland & Barnhart Drlg.,1 Henton,42.645115,-108.35533,31N,96W,19,ne sw,Sixth Principal,"5,658",KB,WRB-2018-56,560,570,Mowry,0.67,426,0.3,2.04,2.34,0.53,0.13,4,1.67,1.75,122,32,18,E181014-014
23,4901305260,Bland & Barnhart Drlg.,1 Henton,42.645115,-108.35533,31N,96W,19,ne sw,Sixth Principal,"5,658",KB,WRB-2018-57,690,700,Mowry,1.42,434,0.22,1.69,1.91,0.49,0.12,3,1.57,1.74,108,31,14,E181014-015
23,4901305260,Bland & Barnhart Drlg.,1 Henton,42.645115,-108.35533,31N,96W,19,ne sw,Sixth Principal,"5,658",KB,WRB-2018-58,790,800,Mowry,4.66,426,0.4,5.67,6.07,0.64,0.07,9,2.38,2.94,238,27,17,E181014-016
23,4901305260,Bland & Barnhart Drlg.,1 Henton,42.645115,-108.35533,31N,96W,19,ne sw,Sixth Principal,"5,658",KB,WRB-2018-59,910,920,Shell Creek,1.33,434,0.18,1.61,1.79,0.48,0.1,3,1.47,1.63,109,33,12,E181014-017
23,4901305260,Bland & Barnhart Drlg.,1 Henton,42.645115,-108.35533,31N,96W,19,ne sw,Sixth Principal,"5,658",KB,WRB-2018-60,"1,060","1,070",Thermopolis,11.41,438,0.19,1.11,1.30,0.53,0.15,2,1.16,2.53,96,46,16,E181014-018
24,4901321192,Robert Klabzuba,Federal 1-30,42.801973,-108.618562,33N,98W,30,ne sw,Sixth Principal,"5,353",KB,WRB-2018-61,"1,820","1,830",Mowry,4.00,427,0.26,3.41,3.67,0.45,0.07,8,1.87,2.35,183,24,14,E181014-019
24,4901321192,Robert Klabzuba,Federal 1-30,42.801973,-108.618562,33N,98W,30,ne sw,Sixth Principal,"5,353",KB,WRB-2018-62,"1,850","1,860",Mowry,3.58,423,0.34,6.06,6.40,0.38,0.05,16,2.16,2.59,281,18,16,E181014-020
25,4901305911,Padon Co.,Tribal 1,43.17227,-108.96035,2S,2E,7,nw ne,Wind River,"5,350",KB,WRB-2018-63,"1,940","1,960",Mowry,6.25,425,0.36,3.48,3.84,0.51,0.09,7,1.80,2.55,193,28,20,E181014-021
26,4902505577,Pan American Oil,1 Govt.,42.830384,-106.713125,33N,82W,18,se ne,Sixth Principal,"5,680",KB,WRB-2018-64,450,460,Mowry,1.00,423,0.55,10.89,11.44,0.78,0.05,14,3.46,3.58,315,23,16,E181014-022
26,4902505577,Pan American Oil,1 Govt.,42.830384,-106.713125,33N,82W,18,se ne,Sixth Principal,"5,680",KB,WRB-2018-65,470,480,Mowry,0.58,429,0.33,4.28,4.61,0.61,0.07,7,2.36,2.43,181,26,14,E181014-023
26,4902505577,Pan American Oil,1 Govt.,42.830384,-106.713125,33N,82W,18,se ne,Sixth Principal,"5,680",KB,WRB-2018-66,510,520,Mowry,4.17,419,0.77,14.93,15.70,0.97,0.05,15,4.04,4.54,369,24,19,E181014-024
26,4902505577,Pan American Oil,1 Govt.,42.830384,-106.713125,33N,82W,18,se ne,Sixth Principal,"5,680",KB,WRB-2018-67,600,610,Mowry,2.00,422,0.64,8.77,9.41,0.73,0.07,12,2.96,3.20,296,25,22,E181014-025
27,4902505477,The Texas Co.,1 Sprague,42.75701,-106.5675,32N,81W,8,sw ne,Sixth Principal,"5,458",KB,WRB-2018-68,915,920,Mowry,2.00,431,0.3,4.20,4.50,0.74,0.07,6,2.61,2.85,161,28,11,E181014-026
27,4902505477,The Texas Co.,1 Sprague,42.75701,-106.5675,32N,81W,8,sw ne,Sixth Principal,"5,458",KB,WRB-2018-69,975,985,Mowry,4.00,427,0.39,6.38,6.77,1.14,0.06,6,3.19,3.67,200,36,12,E181014-027
28,4902505548,Far West Oil,Morton-Govt-1,42.816576,-106.681759,33N,82W,21,se nw,Sixth Principal,"5,643",KB,WRB-2018-70,910,920,Mowry,1.83,428,0.3,5.22,5.52,0.44,0.05,12,2.10,2.32,249,21,14,E181014-028
28,4902505548,Far West Oil,Morton-Govt-1,42.816576,-106.681759,33N,82W,21,se nw,Sixth Principal,"5,643",KB,WRB-2018-71,980,990,Mowry,4.41,420,0.46,13.76,14.22,0.73,0.03,19,3.88,4.41,355,19,12,E181014-029
28,4902505548,Far West Oil,Morton-Govt-1,42.816576,-106.681759,33N,82W,21,se nw,Sixth Principal,"5,643",KB,WRB-2018-72,"1,020","1,030",Mowry,3.08,422,0.43,9.30,9.73,0.61,0.04,15,2.80,3.17,332,22,15,E181014-030
28,4902505548,Far West Oil,Morton-Govt-1,42.816576,-106.681759,33N,82W,21,se nw,Sixth Principal,"5,643",KB,WRB-2018-73,"1,060","1,070",Mowry,3.58,424,0.4,7.15,7.55,0.71,0.05,10,2.82,3.25,254,25,14,E181014-031
28,4902505548,Far West Oil,Morton-Govt-1,42.816576,-106.681759,33N,82W,21,se nw,Sixth Principal,"5,643",KB,WRB-2018-74,"1,230","1,240",Thermopolis,6.33,438,0.17,1.89,2.06,0.45,0.08,4,1.25,2.01,151,36,14,E181014-032
29,4902505842,Davis Oil Co.,Federal-Irvine-1,42.92539,-106.83139,34N,83W,7,se se,Sixth Principal,"6,103",KB,WRB-2018-75,430,440,Mowry,0.67,426,0.36,6.72,7.08,0.67,0.05,10,3.04,3.12,221,22,12,E181014-033
29,4902505842,Davis Oil Co.,Federal-Irvine-1,42.92539,-106.83139,34N,83W,7,se se,Sixth Principal,"6,103",KB,WRB-2018-76,520,540,Mowry,1.83,428,0.28,3.29,3.57,0.71,0.08,5,2.19,2.41,150,32,13,E181014-034
29,4902505842,Davis Oil Co.,Federal-Irvine-1,42.92539,-106.83139,34N,83W,7,se se,Sixth Principal,"6,103",KB,WRB-2018-77,580,590,Shell Creek,2.42,430,0.24,2.34,2.58,0.67,0.09,3,1.89,2.18,124,35,13,E181014-035
29,4902505842,Davis Oil Co.,Federal-Irvine-1,42.92539,-106.83139,34N,83W,7,se se,Sixth Principal,"6,103",KB,WRB-2018-78,700,710,Thermopolis,9.91,435,0.13,0.25,0.38,0.61,0.34,0,1.03,2.22,24,59,13,E181014-036
30,4902505657,Argo Oil Corp.,1 Jacobs,42.843959,-106.721318,33N,82W,7,se nw,Sixth Principal,"5,891",KB,WRB-2018-79,650,670,Mowry,2.25,428,0.37,7.41,7.78,0.74,0.05,10,2.64,2.91,281,28,14,E181014-037
30,4902505657,Argo Oil Corp.,1 Jacobs,42.843959,-106.721318,33N,82W,7,se nw,Sixth Principal,"5,891",KB,WRB-2018-80,690,700,Mowry,1.00,427,0.29,5.25,5.54,0.69,0.05,8,2.49,2.61,210,28,12,E181014-038
30,4902505657,Argo Oil Corp.,1 Jacobs,42.843959,-106.721318,33N,82W,7,se nw,Sixth Principal,"5,891",KB,WRB-2018-81,740,750,Mowry,4.50,420,0.81,13.62,14.43,0.85,0.06,16,3.60,4.14,378,24,22,E181014-039
30,4902505657,Argo Oil Corp.,1 Jacobs,42.843959,-106.721318,33N,82W,7,se nw,Sixth Principal,"5,891",KB,WRB-2018-82,810,820,Mowry,0.92,424,0.47,9.04,9.51,0.68,0.05,13,2.90,3.01,312,23,16,E181014-040
30,4902505657,Argo Oil Corp.,1 Jacobs,42.843959,-106.721318,33N,82W,7,se nw,Sixth Principal,"5,891",KB,WRB-2018-83,890,895,Shell Creek,0.83,433,0.16,0.63,0.79,0.48,0.2,1,1.13,1.23,56,43,14,E181014-041
30,4902505657,Argo Oil Corp.,1 Jacobs,42.843959,-106.721318,33N,82W,7,se nw,Sixth Principal,"5,891",KB,WRB-2018-84,975,980,Thermopolis,7.50,435,0.21,1.75,1.96,0.50,0.11,4,1.32,2.22,133,38,16,E181014-042
31,4902521409,Kirkwood Oil & Gas,Federal 21-21,42.81917,-106.68306,33N,82W,21,ne nw,Sixth Principal,"5,628",KB,WRB-2018-85,920,930,Mowry,2.83,424,0.58,9.10,9.68,0.64,0.06,14,2.78,3.12,327,23,21,E181013-001
31,4902521409,Kirkwood Oil & Gas,Federal 21-21,42.81917,-106.68306,33N,82W,21,ne nw,Sixth Principal,"5,628",KB,WRB-2018-86,960,970,Mowry,3.75,419,0.68,16.88,17.56,0.65,0.04,26,3.88,4.33,435,17,18,E181013-002
31,4902521409,Kirkwood Oil & Gas,Federal 21-21,42.81917,-106.68306,33N,82W,21,ne nw,Sixth Principal,"5,628",KB,WRB-2018-87,"1,010","1,020",Mowry,3.50,419,0.69,13.84,14.53,0.49,0.05,28,3.26,3.68,425,15,21,E181013-003
32,4902521385,Viking Energy,Federal 1-29,42.892423,-106.826817,34N,83W,29,nw nw,Sixth Principal,"5,904",KB,WRB-2018-88,870,900,Mowry,2.67,421,0.59,16.87,17.46,0.62,0.03,27,4.04,4.36,417,15,15,E181013-004
32,4902521385,Viking Energy,Federal 1-29,42.892423,-106.826817,34N,83W,29,nw nw,Sixth Principal,"5,904",KB,WRB-2018-89,930,960,Mowry,4.83,418,0.6,17.64,18.24,0.65,0.03,27,4.27,4.85,413,15,14,E181013-005
32,4902521385,Viking Energy,Federal 1-29,42.892423,-106.826817,34N,83W,29,nw nw,Sixth Principal,"5,904",KB,WRB-2018-90,"1,020","1,050",Mowry,3.67,422,0.42,9.15,9.57,0.61,0.04,15,2.86,3.30,320,21,15,E181013-006
33,4902521006,General American Oil,1-9 Federal,42.753364,-106.557968,32N,81W,9,nw sw,Sixth Principal,"5,503",KB,WRB-2018-91,820,840,Mowry,2.83,423,0.52,10.20,10.72,0.50,0.05,20,2.86,3.20,356,17,18,E181013-007
33,4902521006,General American Oil,1-9 Federal,42.753364,-106.557968,32N,81W,9,nw sw,Sixth Principal,"5,503",KB,WRB-2018-92,970,980,Mowry,4.08,425,0.4,6.63,7.03,0.52,0.06,13,2.61,3.10,254,20,15,E181013-008
33,4902521006,General American Oil,1-9 Federal,42.753364,-106.557968,32N,81W,9,nw sw,Sixth Principal,"5,503",KB,WRB-2018-93,"1,000","1,010",Shell Creek,1.00,432,0.12,0.45,0.57,0.41,0.21,1,0.76,0.88,59,54,16,E181013-009
34,4902520909,Benson-Montin-Greer Drlg.,M-21-A,42.983926,-106.924043,35N,84W,21,sw sw,Sixth Principal,"5,906",KB,WRB-2018-94,990,"1,020",Mowry,2.33,431,0.2,2.43,2.63,0.50,0.08,5,1.52,1.80,159,33,13,E181013-010
34,4902520909,Benson-Montin-Greer Drlg.,M-21-A,42.983926,-106.924043,35N,84W,21,sw sw,Sixth Principal,"5,906",KB,WRB-2018-95,"1,100","1,110",Mowry,3.75,424,0.44,8.74,9.18,0.80,0.05,11,2.91,3.36,301,28,15,E181013-011
34,4902520909,Benson-Montin-Greer Drlg.,M-21-A,42.983926,-106.924043,35N,84W,21,sw sw,Sixth Principal,"5,906",KB,WRB-2018-96,"1,190","1,210",Mowry,1.75,421,0.17,3.63,3.8,0.74,0.04,5,2.68,2.89,136,28,6,E181013-012
34,4902520909,Benson-Montin-Greer Drlg.,M-21-A,42.983926,-106.924043,35N,84W,21,sw sw,Sixth Principal,"5,906",KB,WRB-2018-97,"1,230","1,240",Shell Creek,4.41,428,0.14,0.78,0.92,0.67,0.15,1,1.32,1.85,59,51,11,E181013-013
35,4901320703,Impel Energy,4-24 Tribal,43.39972,-108.83194,5N,1W,24,nw nw,Wind River,"5,978",KB,WRB-2018-98,"1,150","1,160",Mowry,3.17,435,0.2,1.86,2.06,0.41,0.1,5,1.38,1.76,135,30,15,E181013-014
35,4901320703,Impel Energy,4-24 Tribal,43.39972,-108.83194,5N,1W,24,nw nw,Wind River,"5,978",KB,WRB-2018-99,"1,260","1,270",Mowry,3.83,430,0.24,2.76,3,0.60,0.08,5,1.65,2.11,167,36,15,E181013-015
36,4901306643,Trigood Oil Co.,1 Rolff Lake,43.48111,-109.12351,6N,3W,21,ne sw,Wind River,"6,563",KB,WRB-2018-100,"1,550","1,560",Mowry,5.41,431,0.2,2.41,2.61,0.54,0.08,4,1.49,2.14,162,36,13,E181013-016
36,4901306643,Trigood Oil Co.,1 Rolff Lake,43.48111,-109.12351,6N,3W,21,ne sw,Wind River,"6,563",KB,WRB-2018-101,"1,790","1,800",Shell Creek,2.25,436,0.18,0.48,0.66,0.54,0.27,1,1.02,1.29,47,53,18,E181013-017
37,4901305556,True Oil Co.,De Lange 1-A,42.794631,-107.640407,33N,90W,32,ne ne,Sixth Principal,"6,588",KB,WRB-2018-102,"1,850","1,880",Mowry,3.75,426,0.5,6.20,6.7,0.69,0.07,9,2.50,2.95,248,28,20,E181013-018
38,4901306579,Skelly Oil Co.,Tribal 1,43.44771,-109.06989,6N,3W,36,sw sw,Wind River,"6,427",KB,WRB-2018-103,"1,480","1,500",Mowry,4.91,428,0.59,6.52,6.84,0.56,0.08,11,2.19,2.78,298,26,27,E181013-019
38,4901306579,Skelly Oil Co.,Tribal 1,43.44771,-109.06989,6N,3W,36,sw sw,Wind River,"6,427",KB,WRB-2018-104,"1,540","1,550",Mowry,6.16,430,0.44,4.22,4.66,0.70,0.09,6,2.05,2.79,206,34,21,E181013-020
38,4901306579,Skelly Oil Co.,Tribal 1,43.44771,-109.06989,6N,3W,36,sw sw,Wind River,"6,427",KB,WRB-2018-105,"1,645","1,650",Shell Creek,1.25,434,0.16,0.77,0.93,0.47,0.17,2,0.91,1.06,84,51,17,E181013-021
38,4901306579,Skelly Oil Co.,Tribal 1,43.44771,-109.06989,6N,3W,36,sw sw,Wind River,"6,427",KB,WRB-2018-106,"1,830","1,835",Thermopolis,6.16,432,0.13,0.12,0.25,0.61,0.52,0,0.85,1.59,14,72,15,E181013-022
39,4901305519,Richfield Oil Co.,Monterey B-1,42.765647,-107.663332,32N,91W,12,ne ne,Sixth Principal,"6,635",KB,WRB-2018-107,420,430,Mowry,4.50,421,0.38,8.40,8.78,0.83,0.04,10,2.72,3.26,308,30,14,E181013-023
39,4901305519,Richfield Oil Co.,Monterey B-1,42.765647,-107.663332,32N,91W,12,ne ne,Sixth Principal,"6,635",KB,WRB-2018-108,470,490,Mowry,1.08,427,0.26,5.87,6.13,0.71,0.04,8,2.65,2.78,221,27,10,E181013-024
39,4901305519,Richfield Oil Co.,Monterey B-1,42.765647,-107.663332,32N,91W,12,ne ne,Sixth Principal,"6,635",KB,WRB-2018-109,540,570,Mowry,2.42,423,0.2,2.86,3.06,0.80,0.07,4,2.34,2.63,122,34,9,E181013-025
39,4901305519,Richfield Oil Co.,Monterey B-1,42.765647,-107.663332,32N,91W,12,ne ne,Sixth Principal,"6,635",KB,WRB-2018-110,610,630,Shell Creek,1.25,435,0.19,1.04,1.23,0.50,0.15,2,1.12,1.27,93,45,17,E181013-026
40,4901306740,British American Oil Co.,Arapahoe 1,43.51931,-108.88056,6N,1W,4,sw se,Wind River,"6,392",KB,WRB-2018-111,"1,130","1,140",Mowry,3.25,432,0.36,0.54,0.9,0.74,0.4,1,1.50,1.89,36,49,24,E181013-027
40,4901306740,British American Oil Co.,Arapahoe 1,43.51931,-108.88056,6N,1W,4,sw se,Wind River,"6,392",KB,WRB-2018-112,"1,200","1,210",Mowry,4.33,429,0.33,1.51,1.84,0.83,0.18,2,2.09,2.61,72,40,16,E181013-028
40,4901306740,British American Oil Co.,Arapahoe 1,43.51931,-108.88056,6N,1W,4,sw se,Wind River,"6,392",KB,WRB-2018-113,"1,220","1,230",Mowry,2.75,427,0.33,4.01,4.34,0.70,0.08,6,2.27,2.60,176,31,15,E181013-029
41,4901320303,"Stoltz, Wagner, and Brown",1-35 Tribal,43.28599,-109.2,4N,4W,35,ne nw,Wind River,"6,356",KB,WRB-2018-114,580,590,Mowry,5.00,426,0.44,2.74,3.18,1.07,0.14,3,2.27,2.87,121,47,19,E181013-030
41,4901320303,"Stoltz, Wagner, and Brown",1-35 Tribal,43.28599,-109.2,4N,4W,35,ne nw,Wind River,"6,356",KB,WRB-2018-115,620,630,Mowry,5.75,425,0.47,1.55,2.02,1.02,0.23,2,2.27,2.96,68,45,21,E181013-031
41,4901320303,"Stoltz, Wagner, and Brown",1-35 Tribal,43.28599,-109.2,4N,4W,35,ne nw,Wind River,"6,356",KB,WRB-2018-116,820,830,Shell Creek,1.25,432,0.29,1.03,1.32,0.60,0.22,2,1.21,1.36,85,50,24,E181013-032
41,4901320303,"Stoltz, Wagner, and Brown",1-35 Tribal,43.28599,-109.2,4N,4W,35,ne nw,Wind River,"6,356",KB,WRB-2018-117,"1,050","1,060",Thermopolis,1.92,433,0.36,3.81,4.17,0.85,0.09,4,2.02,2.25,189,42,18,E181013-033
41,4901320303,"Stoltz, Wagner, and Brown",1-35 Tribal,43.28599,-109.2,4N,4W,35,ne nw,Wind River,"6,356",KB,WRB-2018-118,"1,140","1,150",Thermopolis,3.67,432,0.22,0.76,0.98,0.78,0.22,1,1.13,1.57,67,69,19,E181013-034
42,4902505897,Eastern Petroleum Co.,1 Govt.-Forest,42.974237,-106.785873,35N,83W,27,sw nw,Sixth Principal,"5,751",KB,WRB-2018-119,"2,240","2,250",Mowry,2.83,432,0.33,3.46,3.79,0.92,0.09,4,1.70,2.04,203,54,19,E181013-035
42,4902505897,Eastern Petroleum Co.,1 Govt.-Forest,42.974237,-106.785873,35N,83W,27,sw nw,Sixth Principal,"5,751",KB,WRB-2018-120,"2,400","2,420",Mowry,23.32,430,0.45,1.55,2,1.09,0.23,1,2.10,4.90,74,52,21,E181013-036
43,4902505380,Forest Oil Co.,Grieve Unit 36-32-1,42.70381,-107.04611,32N,85W,32,se nw,Sixth Principal,"6,959",KB,WRB-2018-121,"2,220","2,240",Mowry,2.00,422,0.48,7.47,7.95,0.75,0.06,10,2.84,3.08,263,26,17,E181013-037
43,4902505380,Forest Oil Co.,Grieve Unit 36-32-1,42.70381,-107.04611,32N,85W,32,se nw,Sixth Principal,"6,959",KB,WRB-2018-122,"2,290","2,300",Shell Creek,1.58,431,0.18,2.72,2.9,0.60,0.06,5,1.83,2.02,149,33,10,E181013-038
44,4902521690,Prenalta Corp.,34-25-31-82 Govt.,42.620064,-106.60642,31N,82,25,sw se,Sixth Principal,"5,322",KB,WRB-2018-123,"2,310","2,320",Mowry,1.83,433,0.23,5.31,5.54,0.29,0.04,18,1.94,2.16,273,15,12,E181013-039
44,4902521690,Prenalta Corp.,34-25-31-82 Govt.,42.620064,-106.60642,31N,82,25,sw se,Sixth Principal,"5,322",KB,WRB-2018-124,"2,340","2,350",Mowry,2.17,430,0.36,8.79,9.15,0.40,0.04,22,2.44,2.70,361,16,15,E181013-040
44,4902521690,Prenalta Corp.,34-25-31-82 Govt.,42.620064,-106.60642,31N,82,25,sw se,Sixth Principal,"5,322",KB,WRB-2018-125,"2,360","2,370",Mowry,5.25,425,0.71,17.84,18.55,0.37,0.04,48,3.39,4.02,527,11,21,E181013-041
44,4902521690,Prenalta Corp.,34-25-31-82 Govt.,42.620064,-106.60642,31N,82,25,sw se,Sixth Principal,"5,322",KB,WRB-2018-126,"2,520","2,540",Shell Creek,2.83,428,0.36,9.22,9.58,0.36,0.04,26,2.65,2.99,348,14,14,E181013-042
44,4902521690,Prenalta Corp.,34-25-31-82 Govt.,42.620064,-106.60642,31N,82,25,sw se,Sixth Principal,"5,322",KB,WRB-2018-127,"2,590","2,630",Thermopolis,4.25,431,0.31,7.74,8.05,0.39,0.04,20,2.25,2.76,344,17,14,E181013-043
45,4901320464,Oil Resources,26-12 Govt.-Curry,42.8025,-107.94991,33N,93W,26,nw sw,Sixth Principal,"5,957",KB,WRB-2018-128,"2,550","2,560",Mowry,3.50,427,0.27,2.92,3.19,0.86,0.08,3,2.21,2.63,132,39,12,E181013-044
45,4901320464,Oil Resources,26-12 Govt.-Curry,42.8025,-107.94991,33N,93W,26,nw sw,Sixth Principal,"5,957",KB,WRB-2018-129,"2,740","2,750",Thermopolis,3.33,428,0.21,2.73,2.94,0.67,0.07,4,1.79,2.19,152,37,12,E181013-045
