Region/Field,Sample,Strata,Depth (m),Saturates (%),Aromatics (%),Resins (%),Asphaltenes (%),Density (g/cm3)1,C29 ααα 20R Ste (ppm)2,C27 Ste (%)3,C28 Ste (%)4,C29 Ste (%)5,Source rock6
Wushi,SM1,K1s,5138.5–5143,71.11,12.89,8.44,7.11,,33.0,31.4,26.2,42.5,Jurassic coal Measures67
SM2,K1s,6002–6018,55.49,5.33,4.08,32.92,,22.9,25.9,25.4,48.7,,
WC1-1,K,6002–6005,76.27,16.95,1.02,1.36,,12.8,24.7,26.5,48.8,,
WC1-2,E,6038.5–6052,78.57,16.33,1.84,1.22,,16.8,24.5,22.1,53.4,,
Bozi,AW3,K,3518–3556,83.66,5.85,4.15,5.12,,3.7,29.0,30.7,40.4,Jurassic coal Measures42
BZ1,K1bs,7014–7084,85.31,6.94,4.49,2.04,0.791,4.0,24.0,29.4,46.6,,
BZ102,K1bs,6760–6885,80.51,9.64,0.21,1.03,0.801,1.3,,,,,
BZ104,K1bs,6757–6850,85.48,5.37,0.83,0.48,0.794,3.7,32.6,26.5,40.9,,
BZ3,K1bs,5971.5–5985.5,84.16,7.12,0.31,0.27,0.808,1.8,,,,,
Dabei,DB101,E-K,5725–5783,85.37,5.11,2.38,3.40,0.795,1.9,,,,"Jurassic coal Measures41,48"
DB101-1,K1bs,5379–5384,83.48,5.43,1.30,8.70,0.797,4.8,24.6,31.0,44.4,,
DB1,K1bs,5460–5480,86.25,3.78,2.75,4.47,0.805,17.2,28.3,27.7,44.0,,
DB11,K1bs,5632–5716,85.52,6.44,0.59,0.59,0.804,4.2,23.5,29.3,47.2,,
DB2,K1bs,5577.5–5589,79.81,6.96,3.94,1.62,0.806,7.0,21.7,37.9,40.5,,
DB201,K1bs,5932–6145,85.95,4.25,3.27,3.60,0.813,7.8,24.6,28.2,47.2,,
DB208,K1bs,5755–5830,77.90,8.81,3.76,1.77,0.807,4.4,27.9,29.8,42.3,,
DB301,K1bs,6930–7012,75.00,7.57,7.89,6.25,0.806,6.4,28.5,21.8,49.7,,
Keshen,KS102,K1bs,7210.5–7331.27,76.65,8.33,4.74,2.23,0.853,5.6,31.3,32.2,36.4,Triassic lacustrine Mudstones50
KS103,E2k,6353.5–6366,82.89,5.92,2.41,0.83,,20.4,20.0,33.3,46.7,,
KS204,K1bs,6810–6830,73.68,9.06,4.39,11.11,0.857,4.9,37.7,26.2,36.1,,
Kela,KL201-1,E,3600–3607,,,,,0.849,12.8,25.1,29.8,45.1,"Triassic lacustrine Mudstones41,50,60"
KL201-2,E,3630–3640,,,,,0.848,9.9,29.7,27.1,43.1,,
KL201-3,K2b,3665–3695,82.40,3.00,1.99,9.63,0.842,7.4,27.3,28.7,44.0,,
KL203,K1bs,3698.5–3716.5,95.70,2.84,1.46,0.00,0.839,41.8,27.4,28.3,44.3,,
KL3,E,3472–3479,,,,,0.840,108.2,21.3,35.4,43.3,,
Dina,DN102,E,5745.5–5587.5,72.79,17.66,5.44,0.41,0.808,5.2,20.9,37.6,41.5,Jurassic coal measures68
DN11,E,5328–5549,74.51,19.66,1.33,0.12,0.798,4.7,17.1,33.1,49.8,,
DN2,N1j,4597.44–4875.59,94.67,3.81,1.25,0.00,,0.9,19.2,36.4,44.4,,
DN201,E2−3s,4780.50–4992.50,87.51,6.17,0.60,0.34,0.807,1.1,22.2,11.6,66.2,,
DN202,E2−3s,5022–5046,82.32,5.79,2.04,6.81,0.794,3.7,5.4,15.8,78.8,,
DN204,E2−3s,5001.5–5072,,,,,0.808,1.4,22.4,26.9,50.8,,
DN22,E1−2s,4748–4774,86.50,8.00,2.00,0.00,0.801,2.2,20.1,33.0,46.9,,
Dibei,DX1,J1a,4708–4811.38,80.05,9.45,1.72,5.79,0.819,2.9,14.7,30.9,54.4,"Triassic lacustrine and Jurassic coal mudstones69,70"
Y603,J2k2,471.2–489.2,,,,,,42.9,17.6,26.9,55.5,,
YN2-1,J1y,4606–4620,82.00,7.33,4.33,3.33,,18.2,19.2,27.8,53.0,,
YN2-2,J1a,4969–4982,54.18,2.68,1.68,37.46,,5.7,17.9,31.1,51.0,,
YN5,J1y,4529.5–4538.5,70.27,8.45,4.72,13.51,,168.0,20.6,34.3,45.1,,
Tuzi,TZ1,E1k,2644–2644.21,80.33,4.92,1.97,9.84,,0,,,,Jurassic coal Measures70
TZ3,N1p,1830.56–1832,89.08,7.34,1.31,0.00,0.807,1.3,32.3,24.1,43.6,,
Tudong,TD2,J1y,3974–4000,77.24,17.57,0.57,0.25,0.810,4.2,15.1,30.3,54.6,Jurassic coal Measures71
TD201,J1y,4150–4185,27.89,48.07,10.32,2.93,0.876,18.8,17.1,28.4,54.5,,
Yangtake,QL1,E,5759.1–5969.87,71.20,7.95,3.97,14.90,,19.3,26.3,26.8,46.9,"Jurassic lacustrine Mudstones47,72"
YT1T,K,5309–5352,91.67,1.30,0.74,3.33,0.797,3.0,34.0,28.2,37.8,,
YT2,K,5327.5–5401.75,86.32,1.89,1.18,8.49,,17.8,29.4,25.2,45.5,,
YT101,K,5350.5–5355.5,72.61,2.31,1.65,20.47,,10.2,31.4,25.6,43.0,,
Yingmai,YM7,E,4690–4700,87.94,3.22,4.56,3.23,0.777,16.1,37.8,25.2,37.0,"Triassic lacustrine and Jurassic coal mudstones41,47,73"
YM9,E,4683–4690,86.44,3.52,3.77,4.27,0.760,4.3,35.8,23.2,41.0,,
YM16,E,4683–4692,82.00,4.50,3.25,8.00,0.799,10.1,36.6,23.2,40.3,,
YM17,E,4635.03–4671.24,76.25,12.36,2.89,3.86,0.783,34.8,32.6,23.9,43.6,,
YM19,E,4663.75–4678.66,,,,,0.776,32.7,31.9,23.7,44.4,,
YM21,E,4452.5–4461.5,83.22,2.31,3.95,7.24,0.775,3.3,35.4,24.0,40.6,,
YM35,S,5623–5626,62.42,11.07,6.71,19.46,0.831,68.4,30.3,24.0,45.7,,
YM41,S,5287.95,58.91,16.34,8.42,15.84,0.835,35.2,30.6,23.9,45.6,,
Hongqi,HQ1,E,4572.5–4575.5,73.90,8.21,5.28,8.21,,9.3,28.3,29.7,41.9,lacustrine and coal mudstones74
HQ2,E,4558–4559,68.49,6.16,4.79,17.47,,12.6,28.3,28.3,43.4,,
Yaha,YH5-1,N1j,5031.23–5103,91.18,3.38,2.63,0,0.813,30.2,30.5,23.9,45.7,"Triassic lacustrine Mudstones41,47"
YH5-2,O,5810.5–5807,74.31,12.15,3.62,0.96,0.822,15.5,29.4,26.8,43.8,,
YH701-1,E,5160–5190,79.28,8.29,2.21,7.73,0.818,29.4,29.7,23.1,47.2,,
YH701-2,E,5203–5206,63.43,16.67,7.21,6.22,0.823,29.6,29.7,24.7,45.6,,
YH7x-1,Є-O,5818.5–5826.4,70.65,14.30,3.76,1.29,0.843,2.7,32.7,30.3,37.0,,
