Name,Depth (ft),Depth (m),TC_Leco (%),TOC_Leco (%),S1 (mg HC/g rock),S2 (mg HC/g rock),S3 (mg HC/g rock),Tmax (°C),HI (mg HC/g TOC),OI (mg CO2/g TOC),PI,Leco_S %,Al %,Ca %,Fe %,K %,Mg %,P %,S %,Si %,Ti %,Ag ppm,As ppm,B ppm,Ba ppm,Be ppm,Bi ppm,Cd ppm,Ce ppm,Co ppm,Cr ppm,Cs ppm,Cu ppm,Dy ppm,Er ppm,Eu ppm,Ga ppm,Gd ppm,Ge ppm,Hf ppm,Ho ppm,In ppm,La ppm,Li ppm,Lu ppm,Mn ppm,Mo ppm,Nb ppm,Nd ppm,Ni ppm,Pb ppm,Pr ppm,Rb ppm,Re ppm,Sb ppm,Sc ppm,Se ppm,Sm ppm,Sn ppm,Sr ppm,Ta ppm,Tb ppm,Te ppm,Th ppm,Tl ppm,Tm ppm,U ppm,V ppm,W ppm,Y ppm,Yb ppm,Zn ppm,Zr ppm
E180601-011,521.8,159.0,2.17,0.60,0.03,0.41,0.30,428,68,50,0.07,0.78,7.98,2.4,5.94,2,1.12,0.06,0.76,24.8,0.62,<1,7,112,335,<5,0.2,<0.2,131,13.7,77,5.3,19,5.45,3.06,1.65,22,6.51,2,7,1.1,<0.2,67.8,70,0.45,461,<2,66,45.8,30,19,13.34,124,<0.02,0.4,14,<1,8,2,302,2.9,0.97,0.12,14.6,0.5,0.47,2.61,114,2,28.2,3,90,257
E170504-162,522.0,159.1,1.6,<0.2,,,,,,,,,5.81,4.33,2.29,1.72,0.55,0.06,0.4,30.2,0.61,1,5,70,361,<5,0.1,<0.2,133,9.9,66,2.8,13,5.29,2.99,1.73,16.4,7.07,2,8,1.11,<0.2,66.2,38,0.37,271,<2,66.4,45.5,22,18,13.4,84.7,,0.2,10,<5,7.7,2,293,3.2,0.98,<0.5,12.1,<0.5,0.46,2.52,84,1,31.1,2.9,72,322
E170504-163,524.0,159.7,2.3,0.9,0.02,0.90,0.33,428,103,38,0.02,,10.2,3.49,5.32,2.19,1.09,0.07,1.1,22.3,0.63,1,10,124,356,<5,0.4,<0.2,127,19.4,95,7.2,27,5.56,2.93,1.81,27.2,7.17,2,6,1.08,<0.2,66.5,87,0.43,278,<2,64.7,45.8,45,21,13.9,165,,0.5,17,<5,8,4,397,3.2,1.1,<0.5,16.4,0.7,0.47,2.76,133,2,30.1,2.9,98,246
E170504-164,526.0,160.3,2.3,0.9,0.02,0.97,0.38,427,111,44,0.02,,9.68,3.34,5.45,2.12,1.09,0.06,1.2,22.2,0.62,1,11,126,350,<5,0.3,<0.2,124,21.5,94,7,25,5.75,3.03,1.77,26.7,6.87,2,6,1.1,<0.2,65.5,84,0.42,294,<2,60.8,46.3,46,22,13.5,159,,0.9,17,<5,8.1,3,437,3.1,1.06,<0.5,16.6,0.7,0.49,2.74,132,2,29.9,3,94,235
E170504-165,528.0,160.9,4.5,0.6,0.01,0.51,0.42,426,91,75,0.02,,7.42,2.24,13.4,1.56,2.25,0.05,0.7,16.6,0.48,3,6,128,264,<5,0.3,0.7,101,12.9,74,5.5,22,4.3,2.55,1.36,20,5.13,2,4,0.88,<0.2,54,64,0.4,966,<2,47.8,35.3,31,18,10.5,117,,1.5,17,<5,5.9,2,282,2.4,0.84,<0.5,12.7,0.5,0.38,2,113,1,24.6,2.6,63,185
E220102-033,529.3,161.3,3.45,0.60,0.02,0.4,0.41,428,67,68,0.05,,7.68,1.67,11.1,1.7,1.78,0.05,0.7,19.1,0.55,<1,7,98,275,<5,0.3,<0.2,115,13.3,92,6.1,20,4.65,3.02,1.3,24.9,5.55,2,5,0.93,<0.2,59.7,67,0.44,812,<2,66.7,40.6,40,19,11.7,119,<0.02,0.3,16,<5,5.8,2,278,3.3,0.86,0.6,13.9,0.5,0.42,2.19,119,1,23.7,2.9,72,228
E170504-166,530.0,161.5,1.3,0.7,0.02,0.55,0.26,425,75,36,0.04,,11.4,1.14,4.68,2.32,1.08,0.06,0.7,24.9,0.79,2,9,137,376,<5,0.4,<0.2,146,18.2,112,7.6,26,5.8,3.21,1.88,30.9,7.47,2,7,1.19,<0.2,78.4,103,0.48,213,<2,88.4,51.9,42,24,15.9,169,,0.4,19,<5,8.5,3,361,4.5,1.1,<0.5,20.1,0.6,0.5,3.1,150,2,31.8,3.2,154,298
E170504-167,531.3,161.9,2.2,0.9,0.03,1.09,0.20,428,118,22,0.03,,10,3.87,4.5,2.18,0.97,0.06,1.1,23.5,0.68,1,12,120,353,<5,0.4,<0.2,116,17.9,96,6.8,25,5.08,2.87,1.66,27.9,6.32,2,6,1.05,<0.2,62.1,84,0.42,201,<2,65.4,42.8,40,21,12.8,160,,0.4,16,<5,7.4,3,393,3.4,0.95,<0.5,16.9,0.7,0.44,3.02,136,1,28.5,3,105,234
E170504-168,533.3,162.6,4.2,1.2,0.04,1.79,0.32,428,154,28,0.02,,8.66,6.03,7.46,1.76,1.32,0.07,1.1,18.3,0.53,1,8,120,276,<5,0.3,<0.2,124,17.5,79,5.9,22,5.11,2.86,1.71,24.1,6.53,2,5,0.97,<0.2,65.5,77,0.38,593,<2,60.6,44.9,40,20,13.4,131,,0.4,15,<5,7.8,2,642,3.1,0.96,<0.5,14.6,0.6,0.4,2.43,115,1,27.4,2.6,84,211
E170504-169,535.3,163.2,3.5,0.9,0.02,0.98,0.43,429,111,49,0.02,,9,7.32,4.21,1.8,0.96,0.04,0.9,18.8,0.53,1,7,115,293,<5,0.4,<0.2,118,17.2,84,6.5,24,4.6,2.61,1.47,26,5.93,2,5,0.89,<0.2,61.8,75,0.39,282,<2,66.7,41,35,20,12.9,144,,0.4,16,<5,7.2,3,574,3.3,0.87,<0.5,15.6,0.6,0.4,2.45,123,1,25.4,2.6,87,214
E170504-170,537.3,163.8,3.5,0.9,0.02,1.11,0.44,430,123,49,0.02,,8.62,7.31,4.62,1.89,0.99,0.06,1,19.8,0.54,<1,19,107,322,<5,0.4,<0.2,105,18.7,82,6.5,28,4.87,2.63,1.61,23.5,6.51,2,5,0.93,<0.2,53.3,72,0.38,296,<2,47.6,40.7,37,19,11.9,144,,0.3,16,<5,7.2,1,515,2.5,0.97,<0.5,13.6,0.6,0.41,2.36,126,1,26.8,2.5,175,184
E220102-032,538.3,164.1,0.67,0.58,0.03,0.38,0.27,424,66,47,0.07,,8.32,0.55,4.09,2.2,0.8,0.06,1.5,27.8,0.61,<1,9,94,398,<5,0.3,<0.2,84.3,14.2,87,6.2,21,5.01,3.13,1.27,24.2,5.33,<1,7,1.04,<0.2,45,59,0.47,154,<2,35.7,33.4,36,22,9.43,140,<0.02,0.3,14,<5,6.8,3,246,2.3,0.83,<0.5,13.4,0.8,0.38,2.44,111,1,24.7,3.1,75,253
E170504-171,539.3,164.4,4.3,1.4,0.05,3.36,0.44,426,235,31,0.01,,8.56,9.27,3.32,1.84,0.8,0.04,1.3,18.6,0.5,<1,15,106,296,<5,0.5,<0.2,87.7,16.2,84,5.9,32,3.82,2.23,1.18,22.7,4.73,2,5,0.74,<0.2,46.1,74,0.3,175,<2,49.9,32.2,40,20,9.71,129,,0.5,15,<5,6,2,487,2.6,0.72,0.5,13.5,0.6,0.34,3.26,124,5,21,2.2,71,178
E170504-172,541.6,165.1,4.3,1.7,0.05,3.84,0.46,427,231,28,0.01,,8.62,8.57,3.64,1.76,0.82,0.04,1.8,17.6,0.46,<1,24,114,255,<5,0.7,0.3,97.1,20.3,85,5.8,48,3.97,2.17,1.22,22.5,5.04,2,5,0.82,<0.2,45.6,73,0.32,174,<2,47.2,33.3,52,23,10,120,,0.8,14,<5,6,2,456,2.4,0.77,1,13.8,0.8,0.31,3.73,220,1,20.7,2.2,88,197
E170504-173,543.3,165.6,9.8,3.2,0.16,14.20,0.52,421,442,16,0.01,,4.63,21.2,2.12,1.03,0.46,0.04,1.4,9.8,0.24,<1,16,60,136,<5,0.5,0.4,55.8,13.2,39,2.8,44,2.73,1.56,0.76,11.6,3.38,1,2,0.56,<0.2,28,36,0.24,293,<2,23.3,20.3,32,14,5.85,59.4,,1.4,7,<5,3.7,<1,611,1.1,0.51,<0.5,6.7,0.6,0.26,4.1,95,<1,16,1.5,72,102
E220102-012,543.8,165.8,9.85,3.70,0.18,17.5,0.79,417,473,21,0.01,,4.65,21,2.25,1.06,0.52,0.05,1.1,11.4,0.26,<1,11,60,146,<5,0.3,0.3,60.1,9,39,3.2,29,3.21,1.84,0.86,12,3.51,2,3,0.68,<0.2,30.9,30,0.27,288,5,23.3,22.9,32,12,6.16,53,0.09,0.8,8,<5,4.1,<1,641,1.1,0.57,0.5,7,1.8,0.27,5.62,127,<1,17.4,1.9,54,119
E170504-174,545.3,166.2,10.2,4.4,0.25,21.05,0.80,413,478,18,0.01,,5.16,19.2,2.06,1.07,0.51,0.04,1.3,11.4,0.27,<1,11,64,149,<5,0.5,1.7,47.6,10.1,60,3.4,49,2.51,1.48,0.65,13,2.68,1,3,0.49,<0.2,25.9,44,0.24,240,10,23.9,17.6,74,15,5.17,62.3,,2.1,9,12,3.2,3,648,1.1,0.44,<0.5,7.2,1.9,0.23,6.81,267,<1,15,1.6,92,107
E180601-012,545.4,166.2,10.68,4.70,0.38,23.44,0.95,415,499,20,0.02,1.18,4.78,18.6,2.06,1.1,0.49,0.05,1.19,11.3,0.24,<1,11,64,146,<5,0.4,2.4,55.8,9.2,49,3.2,45,2.75,1.62,0.85,12,3.26,1,3,0.55,<0.2,28.7,41,0.24,220,18,20,20.8,82,12,5.77,55.6,0.13,2.3,8,11,3.9,<1,681,0.9,0.49,0.29,6.8,3,0.24,8.62,320,<1,15.3,1.6,102,94.5
E170504-175,547.3,166.8,7.9,2.9,0.15,13.16,0.62,417,448,21,0.01,,6.14,15.4,2.63,1.16,0.61,0.05,1.6,13.4,0.32,1,22,75,195,<5,0.3,1.2,64.9,12.1,65,4.6,29,3.01,1.72,0.95,16.3,4.27,1,3,0.6,<0.2,34.6,56,0.26,274,29,27.6,25.1,67,13,7.16,86.3,,3,10,5,4.4,<1,665,1.3,0.6,<0.5,8.6,2.8,0.25,8.11,313,6,17.8,1.7,103,111
E170504-176,549.5,167.5,6.8,3.1,0.15,12.99,0.51,416,420,17,0.01,,7.07,11.9,2.79,1.36,0.71,0.03,1.5,15.9,0.35,<1,17,85,217,<5,0.3,1,73.3,14.1,72,5.8,28,3.15,1.83,1.03,19.5,4.26,2,4,0.65,<0.2,39.4,61,0.28,186,30,36.6,27.1,69,17,7.86,108,,2,11,<5,4.7,1,604,1.6,0.57,<0.5,11.5,2.9,0.28,7.95,270,<1,19.2,1.9,89,137
E220102-011,550.7,167.8,6.07,3.09,0.09,12.64,0.79,418,409,26,0.01,,7.56,10.2,3.07,1.5,0.75,0.03,1.5,17.8,0.4,<1,17,93,238,<5,0.3,1.6,74.1,12.6,81,6.2,31,3.11,2.07,0.97,19.9,3.79,2,4,0.59,<0.2,40.6,60,0.27,177,26,40.6,27.2,65,17,7.94,102,0.05,2.2,12,<5,4.9,2,610,1.9,0.53,<0.5,11.2,2.6,0.24,7.27,305,1,14.9,1.9,141,143
E180601-013,551.3,168.1,6.91,3.14,0.18,12.94,0.67,418,412,21,0.01,1.34,6.99,11.8,2.72,1.5,0.72,0.04,1.32,16.6,0.35,<1,14,89,215,<5,0.2,1.2,77.3,12,75,5.6,30,3.3,1.85,1.03,18,3.94,1,4,0.67,<0.2,41.7,60,0.29,194,31,36,27.7,69,14,7.99,100,0.06,1.9,11,4,4.8,2,665,1.6,0.57,<0.05,10.6,2.6,0.27,7.48,314,1,17.1,1.8,100,129
E170504-177,551.5,168.1,6.9,3.1,0.15,13.83,0.48,415,449,16,0.01,,7.29,11.9,2.75,1.39,0.76,0.04,1.3,16.1,0.37,<1,16,89,222,<5,0.2,1.1,76.3,12.9,75,5.7,29,3.34,1.92,1.07,19.5,4.43,2,3,0.7,<0.2,41.6,57,0.28,236,33,38.7,27.4,66,15,8.27,109,,1.8,11,<5,4.6,3,624,1.8,0.64,<0.5,11.7,2.6,0.3,7.63,318,1,19.3,1.9,105,141
E170504-178,553.4,168.7,6.4,3.2,0.16,13.50,0.39,417,421,12,0.01,,7.67,10.6,3.03,1.44,0.81,0.05,1.5,17.7,0.44,<1,17,92,237,<5,0.3,0.6,70,14.6,76,5.6,31,3.48,1.93,1.07,20.3,4.38,2,3,0.66,<0.2,38.5,54,0.26,193,29,35,26.6,60,16,8.06,109,,1.7,12,<5,5,1,647,1.8,0.62,<0.5,11.3,2.5,0.29,9.65,223,1,18.6,1.9,80,148
E170504-179,555.4,169.3,6.2,3.6,0.17,15.23,0.46,418,421,13,0.01,,7.83,8.52,3.07,1.57,0.86,0.05,1.6,18.6,0.42,<1,17,101,252,<5,0.3,1.2,68.4,14.5,82,7.1,36,3.39,1.78,1.07,20.3,4.14,1,4,0.57,<0.2,41,54,0.27,182,38,34.9,27.7,72,16,7.24,114,,2.2,13,<5,5.1,2,546,1.9,0.56,<0.5,11.9,3,0.26,10.5,401,2,16.1,2,100,150
E170504-180,557.4,169.9,9.6,3.3,0.20,15.97,0.64,414,482,19,0.01,,4.49,20.2,2.11,0.87,0.57,0.06,1.6,11,0.29,<1,15,61,155,<5,0.2,2.8,70.1,9.5,54,3.6,30,2.86,1.59,1.01,12.6,3.97,<1,3,0.54,<0.2,42.5,31,0.25,240,38,35.2,25.8,69,12,6.73,57.6,,1.9,8,5,4.5,1,721,1.6,0.48,<0.5,8.1,3.2,0.24,10.9,336,1,16.4,1.7,144,124
E180601-014,558.1,170.1,7.25,3.80,0.32,18.90,0.72,413,497,19,0.02,1.42,6.97,10.7,2.63,1.3,0.76,0.07,1.38,17,0.37,<1,15,86,212,<5,0.3,1.1,81.8,12.8,62,5.3,31,3.48,1.88,1.18,19,4.4,1,3,0.7,<0.2,42.6,45,0.27,206,44,32,31.8,75,15,8.81,95,0.08,2.1,11,4,5.9,1,670,1.5,0.61,0.06,10.2,2.9,0.26,11.56,276,1,16.9,1.9,94,129
E170504-181,558.5,170.2,7.7,4.0,0.23,19.16,0.49,415,481,12,0.01,,6.76,12.3,2.67,1.34,0.79,0.05,1.6,16.3,0.38,<1,16,91,220,<5,0.2,1.5,67.2,13.9,66,5.6,33,3.15,1.64,0.99,17.2,3.96,1,3,0.52,<0.2,37.5,41,0.26,235,48,32.9,26,71,14,6.56,92.5,,2.5,11,<5,4.7,2,675,1.6,0.53,<0.5,10.2,2.9,0.25,12,272,1,15.2,1.8,102,145
E170504-182,561.5,171.2,6.7,3.7,0.20,16.49,0.53,414,443,14,0.01,,7.53,10,2.85,1.4,0.85,0.04,1.6,18.1,0.44,<1,17,95,230,<5,0.3,1,72.1,13.2,74,6.2,39,3.31,1.8,0.93,19.4,3.73,1,4,0.5,<0.2,42.6,52,0.23,148,36,46.3,25.6,75,16,6.83,96.6,,2.4,11,5,4.3,2,665,2.3,0.51,<0.5,12.7,2.9,0.24,10.4,293,1,15.4,1.9,96,184
E170504-183,563.4,171.7,<0.2,<0.2,,,,,,,,,9.84,0.77,3.24,0.33,2.16,0.11,1.7,23.3,0.49,<1,12,55,231,<5,0.2,0.3,31.5,13,18,0.3,25,1.33,0.59,0.5,19.5,1.99,<1,7,0.19,<0.2,13.8,30,0.07,82,12,14.9,13.8,26,21,3.38,13,,2.5,8,<5,2.5,3,803,0.9,0.26,<0.5,11.8,<0.5,0.06,4.45,72,<1,5.5,0.5,87,230
E220102-048,563.9,171.9,2.10,1.05,0.09,3.86,0.47,419,368,45,0.02,,8.75,3.9,1.47,0.49,2.05,0.04,0.6,22.4,0.19,<1,8,61,206,<5,0.2,0.4,56.9,4.1,15,1.2,12,1.86,0.85,0.7,17.9,2.43,<1,3,0.35,<0.2,27.8,37,0.1,121,10,11.4,21.4,17,15,6.08,21.1,0.04,1.5,6,<5,3.7,<1,833,0.9,0.31,0.8,8.3,0.8,0.12,4.74,139,<1,6.8,0.8,68,120
E170504-184,565.4,172.3,9.6,4.1,0.26,20.64,0.63,412,502,15,0.01,,4.82,18.2,2.35,0.95,0.68,0.05,1.9,11.9,0.3,<1,17,66,158,<5,0.2,1.9,54,10.5,56,3.7,33,2.46,1.35,0.82,12.8,3.11,1,3,0.4,<0.2,32.7,29,0.19,227,38,31.2,20.2,77,10,5.23,60.4,,2.3,8,5,3.7,<1,825,1.5,0.39,<0.5,8,2.9,0.19,10.4,310,<1,12,1.3,128,128
E170504-185,567.4,172.9,9.8,4.5,0.32,23.79,0.68,412,532,15,0.01,,5.14,17.8,2.4,1.02,0.61,0.05,1.7,12.6,0.28,<1,18,68,156,<5,0.2,1.7,44.5,12.7,51,4.4,34,2.41,1.26,0.8,13.3,2.82,<1,2,0.38,<0.2,27.6,34,0.19,238,48,24.1,19.1,77,11,4.95,67.7,,2.4,8,6,3.4,1,841,1.1,0.4,<0.5,7.9,3.3,0.18,11.7,277,<1,11.8,1.4,101,107
E180601-015,567.4,173.0,9.64,3.92,0.34,20.29,0.71,414,518,18,0.02,1.50,4.97,17.3,2.21,1,0.58,0.04,1.45,12.6,0.25,<1,17,65,146,<5,0.2,1.4,49.1,11.4,47,3.8,31,2.36,1.32,0.76,13,2.84,<1,2,0.49,<0.2,26.8,29,0.2,216,44,22,18.6,74,11,5.26,65.7,0.12,2.3,8,5,3.4,<1,826,0.9,0.41,<0.05,7.1,3.3,0.2,10.52,270,<1,11.6,1.3,105,89.4
E170504-186,568.2,173.2,11.0,3.5,0.22,17.03,0.70,413,482,20,0.01,,3.41,24.8,1.78,0.58,0.47,0.06,1.6,7.75,0.16,<1,16,46,96.5,<5,0.2,1.4,38.5,7.6,32,2.2,25,2.01,1.06,0.63,7.92,2.47,<1,1,0.32,<0.2,21.9,20,0.15,331,41,12.5,15.2,62,7,3.69,34.7,,1.9,<5,<5,2.6,1,705,0.6,0.32,<0.5,4.2,2.5,0.15,9.56,278,<1,10.2,1.1,95,66
E170504-187,570.5,173.9,11.5,4.1,0.25,20.59,0.63,413,508,16,0.01,,3.22,24.3,1.58,0.61,0.44,0.05,1.4,7.99,0.18,<1,14,46,103,<5,0.2,1.5,53.9,7.8,36,2.6,27,2.71,1.34,0.72,8.54,3.42,<1,2,0.45,<0.2,29.1,20,0.19,251,35,16.5,22.6,58,9,5.65,40.2,,2.1,6,5,4,<1,832,0.8,0.46,<0.5,4.9,2.5,0.21,10.3,211,2,12.9,1.6,81,81.9
E170504-188,572.5,174.5,12.3,3.9,0.32,20.38,0.69,415,527,18,0.02,,2.33,27.2,1.57,0.48,0.38,0.05,1.7,6.01,0.13,<1,15,37,85.7,<5,0.2,2,28.8,6.9,31,2.1,28,1.73,0.86,0.51,6.52,2.02,<1,1,0.29,<0.2,18.4,15,0.12,269,45,11,12.7,55,7,3.07,32.3,,2,<5,5,2.3,<1,855,<0.5,0.27,<0.5,3.5,2.4,0.13,10.1,235,<1,8.7,1,83,55.2
E170504-189,576.4,175.7,10.4,4.6,0.32,24.09,0.55,411,524,12,0.01,,4.6,19.8,1.96,0.64,0.59,0.05,1.8,10.6,0.21,<1,20,56,103,<5,0.3,1.4,53.5,9.8,37,2.9,31,3.34,1.71,0.9,11.8,3.78,<1,4,0.53,<0.2,27.4,24,0.23,205,50,16.3,24.5,72,15,6.14,42.9,,2.5,7,<5,4.7,2,703,1,0.54,<0.5,8.7,3.3,0.26,13.4,216,<1,15,1.9,102,149
E220102-022,576.5,175.7,9.64,4.96,0.19,25.96,1.02,415,523,21,0.01,,4.54,15.7,2.42,0.91,0.57,0.08,1.7,12.9,0.27,<1,22,63,146,<5,0.2,2,52.6,12.3,51,4.2,34,2.58,1.73,0.83,12.2,3.7,<1,2,0.51,<0.2,27.2,22,0.21,169,44,22.3,21.3,73,12,5.72,64.4,0.14,2.1,8,<5,4.1,<1,666,0.9,0.4,<0.5,6.8,2.6,0.21,13.3,197,<1,14.1,1.5,111,102
E180601-016,578.2,176.2,11.74,4.69,0.52,28.24,0.84,415,602,18,0.02,1.60,3.65,21.4,1.87,0.7,0.43,0.05,1.67,9,0.2,<1,18,61,100,<5,0.2,1.7,58,8.7,38,2.6,40,3.13,1.71,0.92,10,3.61,<1,2,0.62,<0.2,28.8,21,0.25,210,52,18,23.9,74,12,6.65,41.8,0.13,2.7,6,5,4.5,<1,705,0.7,0.55,0.07,5.7,3,0.25,11.74,253,<1,15.5,1.8,118,98.5
E170504-190,578.4,176.3,9.8,4.7,0.30,25.49,0.61,413,538,13,0.01,,5.24,16.5,2.9,0.93,0.62,0.06,2.5,12.8,0.28,<1,28,78,146,<5,0.3,1.9,43.6,14.1,48,4.4,34,2.59,1.35,0.78,13.3,3,1,3,0.43,<0.2,25,31,0.22,182,53,16,19,86,13,4.76,64.1,,3.6,8,<5,3.4,1,653,0.8,0.41,<0.5,7.1,3.7,0.22,13,233,1,12.7,1.6,116,106
E170504-191,581.5,177.2,12.6,4.7,0.38,25.40,0.68,411,540,14,0.01,,2.57,26.5,1.52,0.47,0.37,0.06,1.7,6.38,0.15,<1,15,41,80.9,<5,0.2,2,39.8,7.5,37,2.2,31,2.25,1.2,0.64,7.4,2.55,<1,1,0.36,<0.2,22.2,16,0.17,267,48,12.3,15.4,68,7,3.95,31.3,,2,<5,5,2.9,<1,692,0.6,0.35,<0.5,3.8,3.1,0.15,12.2,279,<1,11.4,1.2,110,64
E180601-017,583.2,177.8,12.62,3.88,0.41,20.93,0.84,413,539,22,0.02,1.00,2.14,>25.0,1.22,0.4,0.31,0.05,1.09,5.4,0.11,<1,12,35,60,<5,0.2,1.6,38.3,5.2,25,1.3,28,1.99,1.14,0.58,6,2.32,<1,1,0.41,<0.2,22.4,10,0.18,310,39,10,14.3,54,7,4.1,21.6,0.11,1.8,<5,3,2.6,<1,700,<0.5,0.33,<0.05,3.8,2.5,0.18,10.73,209,<1,11.7,1.3,96,52.8
E170504-192,583.5,177.9,3.7,1.3,0.09,5.14,0.32,409,384,24,0.02,,7.57,8.07,2.83,0.36,1.77,0.09,2.5,18.7,0.4,<1,47,55,108,<5,0.6,1,20.8,10.2,48,0.8,31,1.27,0.67,0.33,13.6,1.72,<1,6,0.2,<0.2,12.7,49,0.09,282,51,10.3,11.5,49,23,2.61,14.7,,7.8,5,8,2,1,760,1.2,0.2,<0.5,19.5,2.2,0.09,6.47,438,<1,6.6,0.7,74,162
E170504-193,585.5,178.5,11.4,4.9,0.37,28.14,0.58,410,572,12,0.01,,3.96,20.7,1.95,0.76,0.49,0.08,1.9,10.4,0.22,<1,18,58,112,<5,0.3,1.7,43,9.9,47,3.9,32,2.67,1.42,0.8,10.7,3.13,1,2,0.43,<0.2,23.3,25,0.19,231,51,14.8,20.4,76,10,4.7,52.8,,2.1,7,5,3.5,<1,726,0.8,0.41,<0.5,5.6,3.5,0.2,14.2,294,<1,13,1.4,94,89
E180601-018,587.3,179.0,12.23,4.15,0.50,24.45,0.81,412,589,20,0.02,1.71,3.01,24.6,1.79,0.6,0.38,0.09,1.72,6.9,0.16,<1,20,48,70,<5,0.2,1.3,35.8,8,24,1.5,30,2.14,1.18,0.65,7,2.62,<1,2,0.43,<0.2,18.3,13,0.18,326,48,10,15.5,65,8,4.03,26.6,0.14,2.3,<5,3,2.9,<1,637,<0.5,0.37,0.05,3.6,3.2,0.17,12.85,218,<1,11.8,1.2,90,54.2
E170504-194,587.5,179.1,12.4,5.0,0.43,29.46,0.79,411,595,16,0.01,,3.39,24.6,1.62,0.59,0.38,0.04,1.7,7.51,0.16,<1,14,47,75.8,<5,0.2,1.6,25.5,8,32,2.4,31,1.85,1.1,0.56,8.51,2.08,<1,2,0.35,<0.2,16.9,21,0.16,280,55,9.2,12.3,63,7,3.05,32.6,,1.6,5,<5,2.2,<1,629,<0.5,0.28,<0.5,3.5,3.1,0.16,11.6,240,<1,9.3,1.1,84,68.9
E170504-195,589.5,179.7,13.2,5.0,0.38,27.92,0.83,412,564,17,0.01,,2.61,27,1.73,0.51,0.34,0.19,1.9,6.24,0.14,<1,16,46,75.7,<5,0.2,2.1,52.4,9,32,2.1,31,3.72,1.83,1.19,7.78,4.7,<1,1,0.59,<0.2,29.4,18,0.2,330,58,8.7,26.5,65,7,6.12,30.6,,1.7,<5,<5,5.1,<1,704,0.5,0.58,<0.5,3.1,3.5,0.24,21.7,189,<1,18.2,1.6,106,57.2
E180601-019,591.1,180.2,11.01,5.60,0.49,31.03,0.92,415,554,16,0.02,2.49,4.88,16.6,2.66,0.9,0.54,0.06,2.41,11.7,0.27,<1,28,76,114,<5,0.3,1,61.5,11.3,44,3.7,37,3.58,1.99,1.07,13,4.39,<1,3,0.71,<0.2,31,29,0.3,225,50,21,26.6,70,12,7.05,54,0.16,2.3,8,3,5,<1,604,1,0.61,0.08,7.3,3.3,0.3,11.26,194,<1,18.3,2.1,84,121
E170504-196,591.5,180.3,3.4,2.3,0.14,10.46,0.28,412,465,12,0.01,,8.97,3.92,4.21,0.48,1.72,0.04,4,20.2,0.4,<1,56,91,85.8,<5,0.2,0.7,22.4,7.6,44,2,31,1.9,1.05,0.46,14.8,1.88,<1,9,0.31,<0.2,13,50,0.13,455,51,29.1,11.4,46,24,2.73,26,,6.1,10,6,2.1,3,746,2.1,0.29,<0.5,20,1.9,0.14,8.39,255,<1,8.2,1.1,104,253
E170504-197,593.5,180.9,11.0,4.5,0.28,24.26,0.63,415,538,14,0.01,,4.35,20,2.16,0.77,0.49,0.06,1.9,10.6,0.27,<1,19,67,107,<5,0.2,0.5,57.5,8.1,45,3.9,27,4.06,2.07,1.09,11.2,4.49,<1,3,0.6,<0.2,33.1,29,0.3,226,24,18.6,26.1,46,9,6.38,51.5,,1.7,7,<5,5,1,669,1,0.62,<0.5,6.1,1.8,0.31,10.1,133,<1,19.1,2.4,49,127
E220102-030,593.9,181.0,10.37,5.78,0.42,30.49,0.94,416,528,16,0.01,,5.12,15.5,2.42,0.95,0.53,0.05,1.8,14.2,0.33,<1,13,70,131,<5,0.3,0.4,64.9,9.3,92,4.7,35,4.11,2.05,1.09,17.8,5.25,1,4,0.8,<0.2,33.4,17,0.34,193,28,34.7,27.1,54,13,7.86,61.4,0.15,1,9,<5,4.9,3,599,1.6,0.65,<0.5,7.7,2.1,0.38,10.5,151,1,20.1,2.3,63,180
E180601-020,595.2,181.4,9.54,5.19,0.49,28.04,0.77,417,540,15,0.02,2.19,5.85,13.6,2.67,1.2,0.59,0.06,2.11,14.2,0.4,<1,19,84,168,<5,0.3,0.9,71.5,12,59,4.9,38,2.91,1.69,1.02,17,3.58,1,4,0.58,<0.2,40.5,43,0.26,215,50,45,26.3,68,13,7.63,75.6,0.1,1.5,10,4,4.5,1,603,2,0.51,0.07,9.9,2.9,0.25,10.74,208,1,15.8,1.7,99,149
E170504-198,595.5,181.5,9.6,4.5,0.36,24.77,0.70,411,553,16,0.01,,5.84,15.3,2.62,1.21,0.62,0.06,2.1,13.7,0.42,<1,18,83,178,<5,0.3,1.7,67,11,65,5.2,35,3.1,1.76,0.97,16,3.54,1,4,0.49,<0.2,39.5,47,0.26,242,47,46.1,24.7,64,13,6.6,74.7,,1.4,10,<5,4.1,1,640,2.5,0.5,<0.5,10.7,2.7,0.21,11.7,229,1,14.8,1.7,145,163
E170504-199,597.5,182.1,7.6,4.7,0.31,24.72,0.46,412,526,10,0.01,,7.64,9.13,2.94,1.49,0.74,0.05,2,17.2,0.51,1,18,104,216,<5,0.3,0.9,89.3,12.4,76,6.4,36,3.94,1.99,1.25,20.1,4.6,1,6,0.62,<0.2,53.5,65,0.3,218,28,63.4,33.2,61,17,8.97,95.5,,1.2,12,<5,5.7,2,548,3.4,0.63,<0.5,15.2,2,0.29,9.71,180,2,18.4,2.2,104,237
E180601-021,599.2,182.6,7.66,1.81,0.13,7.47,0.47,419,413,26,0.02,3.23,3.48,19.3,3.41,0.7,0.46,0.3,3.13,12.6,0.22,<1,24,58,129,<5,0.1,<0.2,127,5.6,30,1.5,18,7.18,3.87,1.97,8,8.8,<1,3,1.42,<0.2,67.8,22,0.5,391,20,15,49.4,24,8,13.34,31.3,0.04,1,6,2,9.2,<1,663,0.7,1.26,<0.05,6.3,0.9,0.51,9.82,51,<1,41.8,3.4,37,120
E170504-200,599.5,182.7,6.7,3.8,0.18,18.55,0.37,417,489,10,0.01,,7.92,9.42,2.8,1.17,0.95,0.07,2,17,0.36,<1,25,117,215,<5,0.4,0.4,46.5,8.7,57,4.3,30,2.76,1.84,0.71,18.4,3.09,1,5,0.53,<0.2,28.3,55,0.31,240,17,27.2,20.3,42,19,5.24,73,,1.4,8,<5,3.8,3,547,2.1,0.43,<0.5,14.1,1.6,0.26,4.99,114,1,15.5,2.2,72,170
E170504-201,601.5,183.3,7.3,5.5,0.30,28.71,0.47,412,522,9,0.01,,8.06,6.5,2.58,1.44,0.79,0.05,1.6,19.5,0.45,<1,14,105,203,<5,0.4,0.3,74,10.4,73,5.6,35,3.86,2.15,1.02,19.6,4.34,1,5,0.64,<0.2,42.6,61,0.33,158,15,40.6,29.9,53,15,7.79,87.1,,0.8,11,<5,5.3,3,447,2.9,0.64,<0.5,14.4,1.1,0.31,9.04,117,1,18.2,2.4,72,216
E180601-022,603.1,183.8,8.88,6.24,0.60,33.82,0.78,413,542,13,0.02,1.91,6.88,8.6,2.64,1.5,0.68,0.07,1.88,18.9,0.51,<1,16,101,201,<5,0.3,0.9,93.1,10.6,83,5.2,43,4.78,2.69,1.48,18,5.58,1,5,0.89,<0.2,47.9,56,0.39,212,17,42,38,59,15,10.39,83.1,0.08,1,12,3,6.7,2,495,2.1,0.78,0.07,11.6,1,0.37,7.13,141,2,23.9,2.5,147,185
E170504-202,603.5,184.0,7.9,5.7,0.35,31.53,0.54,411,550,9,0.01,,6.74,7.63,2.72,1.4,0.71,0.07,1.9,19.1,0.53,1,19,99,216,<5,0.4,0.4,83.3,11.9,85,5.3,44,4.81,2.49,1.37,17.4,5.39,1,6,0.77,<0.2,46.1,54,0.36,211,18,42.8,36.5,54,15,8.92,83.7,,0.7,12,5,6.4,3,472,2.7,0.74,<0.5,12.9,1,0.37,7.41,147,2,22.8,2.8,75,222
E170504-203,605.5,184.6,8.9,5.0,0.32,26.56,0.52,412,534,10,0.01,,6.46,12.6,2.48,1.08,0.86,0.05,2,14.6,0.34,<1,15,91,170,<5,0.6,0.4,67.2,9.9,62,4.6,41,3.91,2.14,1.01,17,4.44,<1,4,0.65,<0.2,37.4,50,0.32,231,28,27.7,28.2,55,18,7.17,66.4,,1.3,9,<5,5.2,9,627,1.9,0.62,<0.5,15.7,1.7,0.31,9.99,128,1,18.9,2.3,64,140
E170504-204,607.5,185.2,8.1,5.3,0.38,27.80,0.66,412,526,12,0.01,,5.54,9.42,2.36,1.26,0.63,0.07,1.8,19.5,0.45,<1,15,84,194,<5,0.3,0.3,66.4,9.4,80,4.7,42,4.03,2.21,1.23,14.6,4.75,<1,6,0.65,<0.2,39.3,43,0.29,203,16,34.8,30.1,51,14,7.71,71.7,,0.6,10,<5,5.4,2,447,2.3,0.65,<0.5,10.2,0.9,0.32,5.97,122,1,20.2,2.2,75,208
E170504-205,608.7,185.5,8.1,4.8,0.31,25.41,0.54,413,530,11,0.01,,6.2,11.8,2.34,1.34,0.71,0.06,1.6,16.6,0.43,<1,10,88,189,<5,0.3,0.9,65.4,9.9,78,5.6,39,3.62,2.05,1.05,15.8,4.3,1,4,0.65,<0.2,37.1,47,0.31,183,12,33.8,27,55,13,6.9,83.8,,0.6,11,<5,4.8,2,531,2.2,0.58,<0.5,10.7,1,0.28,5.47,127,1,18.3,2.2,154,166
E170504-206,611.0,186.2,5.6,4.0,0.19,17.72,0.41,416,439,10,0.01,,7.75,5.54,3.76,1.64,0.84,0.07,2.8,20.8,0.55,<1,26,112,235,<5,0.3,0.3,75.9,13.1,81,6.3,38,3.99,2.29,1.18,19,4.64,1,6,0.65,<0.2,42.9,61,0.33,192,18,45.5,32,52,16,8.06,102,,1.1,12,<5,5.5,3,440,2.7,0.61,<0.5,13.2,1,0.32,5.93,140,2,19.5,2.5,85,232
E180601-023,612.8,186.8,9.76,6.21,0.55,33.11,0.80,417,533,13,0.02,1.96,6.13,11.3,2.52,1.3,0.72,0.07,1.86,15.8,0.37,<1,13,89,183,<5,0.3,0.4,75.2,9.5,62,4.8,48,4.04,2.22,1.18,16,4.59,<1,4,0.8,<0.2,38.7,41,0.32,221,19,28,30.6,55,14,8.35,77.3,0.09,0.7,10,3,5.6,<1,527,1.4,0.68,0.09,9.9,1.3,0.33,6.32,127,1,21.4,2.3,84,145
E170504-207,613.0,186.8,9.7,6.6,0.44,35.24,0.64,413,532,10,0.01,,5.93,10.9,2.52,1.33,0.74,0.07,1.9,15.7,0.38,<1,14,91,182,<5,0.4,0.4,65.8,9.8,68,5.4,46,4.06,2.41,1.27,16.3,4.68,1,4,0.66,<0.2,37.8,44,0.36,223,21,29.3,29.9,53,16,7.27,78.9,,0.7,10,<5,5.4,2,518,1.8,0.67,<0.5,10.8,1.2,0.32,6.96,126,1,20.8,2.4,80,163
E170504-208,615.0,187.5,10.7,6.3,0.42,32.33,0.67,413,511,11,0.01,,5.69,14.8,2.49,1.28,0.78,0.07,2,13.6,0.32,<1,16,86,166,<5,0.5,0.7,54.8,10.2,60,4.8,46,4.44,2.55,0.97,15.8,4.53,1,4,0.72,<0.2,32.3,36,0.44,291,25,27.8,24.9,59,14,6.14,67.6,,1.2,8,<5,4.6,2,636,1.5,0.63,0.7,9.3,2.1,0.4,8.68,185,1,24.2,3,81,156
E220102-021,615.4,187.6,10.42,6.05,0.26,33.67,1.06,416,557,18,0.01,,5.58,13.6,2.58,1.18,0.68,0.07,2,13.8,0.32,<1,18,79,165,<5,0.4,0.8,57.8,9.8,65,4.2,43,3.07,1.88,0.97,17.2,4.15,<1,4,0.68,<0.2,30.1,22,0.3,285,23,28.9,23,54,16,6.54,64.3,0.09,1.1,9,<5,4.4,<1,543,1.9,0.54,<0.5,8.7,1.6,0.32,6.63,160,1,18.8,2.2,76,140
E170504-209,617.0,188.1,8.0,2.9,0.19,13.68,0.44,417,468,15,0.01,,3.86,16.4,2.02,0.87,0.49,0.1,1.6,17.4,0.33,<1,14,60,143,<5,0.2,0.4,58.4,7,45,2.5,25,3.61,2.03,1.05,10.2,4.09,<1,5,0.61,<0.2,31.2,29,0.3,436,15,24.6,24.6,31,10,6.11,41.3,,0.6,6,<5,4.7,1,567,2,0.57,<0.5,8,1.2,0.28,5.69,84,1,19.3,2.1,50,201
E220102-020,617.1,188.1,8.24,5.18,0.2,26.77,0.74,414,517,14,0.01,,6.55,9.8,2.57,1.3,0.72,0.04,1.6,17.9,0.41,<1,15,90,184,<5,0.4,0.4,53.3,9.9,72,5.2,38,3.24,1.68,0.76,18.5,3.06,<1,4,0.48,<0.2,27.9,39,0.34,210,15,33.4,20,41,17,5.99,75.1,0.07,0.5,10,<5,3.4,1,474,1.9,0.5,3.1,11.2,1,0.31,5.35,106,1,16.1,2,65,161
E170504-210,619.0,188.7,5.2,3.3,0.08,13.18,0.58,420,401,18,0.01,,5.92,5.91,2.63,1.31,0.59,0.06,1.8,23.9,0.63,1,17,90,215,<5,0.3,0.2,72,11.1,78,4.5,32,4.81,2.74,1.18,16.6,5.19,1,8,0.8,<0.2,39.4,48,0.39,183,12,44,31.3,45,15,7.8,78.6,,0.7,11,<5,5.7,2,335,2.9,0.74,<0.5,13.2,1,0.41,5.55,122,2,24.1,3,62,293
E170504-211,621.0,189.3,2.9,2.2,0.05,7.43,0.32,423,332,14,0.01,,6.81,2.12,2.66,1.37,0.6,0.07,1.4,28.4,0.78,1,14,92,245,<5,0.2,<0.2,94.7,11.2,91,5.3,27,5.27,3.19,1.53,17.1,5.83,1,11,0.91,<0.2,52,60,0.42,105,5,53.2,39.5,40,15,10.1,89.1,,0.5,13,<5,6.8,2,279,3.6,0.86,<0.5,13.8,0.6,0.43,4.88,116,2,26.1,3.2,82,425
E170504-212,623.0,189.9,2.0,1.7,0.06,4.15,0.20,420,240,12,0.01,,7.93,0.98,4.91,1.58,0.69,0.1,3.6,24.8,1.02,1,17,113,304,<5,0.2,<0.2,128,22.2,102,6,55,6.12,3.42,2.08,21.6,7.59,1,10,0.93,<0.2,72.5,73,0.47,175,6,83.6,54.1,52,18,13.6,107,,0.6,17,<5,9.2,6,314,5.3,0.96,<0.5,16.5,0.7,0.46,5.71,174,2,29.3,3.4,82,357
E170504-213,625.0,190.5,3.1,2.7,0.05,8.21,0.54,422,307,20,0.01,,9.57,1.52,4.52,1.86,0.85,0.08,3,21.9,0.92,1,17,128,319,<5,0.3,<0.2,133,20,110,7.6,47,6.17,3.35,2.16,26.4,7.75,1,7,1.01,<0.2,74.6,97,0.44,194,7,73.8,55.5,58,21,14.3,133,,0.6,20,<5,9.3,4,347,4.8,1.04,<0.5,18.3,0.8,0.43,5.89,181,2,27.6,3.1,80,290
E180601-024,626.8,191.0,2.85,2.61,0.21,9.81,0.29,423,376,11,0.02,2.30,7.03,0.8,3.28,1.5,0.66,0.08,2.22,27.2,0.76,<1,13,109,254,<5,0.2,<0.2,113,13,91,5.3,34,5.89,3.25,1.8,19,6.69,1,10,1.18,<0.2,56.4,69,0.5,175,6,48,46.6,46,16,12.75,98.2,0.02,0.5,15,1,8.2,2,269,2.8,1,0.08,14,0.7,0.5,4.68,131,2,30.7,3.3,57,350
E170504-214,627.0,191.1,4.0,3.8,0.09,14.46,0.47,420,385,13,0.01,,7.67,0.87,3.54,1.64,0.77,0.08,2.2,25.9,0.79,1,14,113,268,<5,0.3,<0.2,110,14.7,95,6.5,42,6.32,3.61,1.79,22.1,6.89,1,9,1.02,<0.2,58.2,77,0.5,160,7,56,46.7,49,18,11.4,109,,0.6,16,<5,8.3,3,293,3.7,0.96,0.6,15.7,0.8,0.51,5.11,145,2,30.1,3.7,60,345
E170504-215,629.0,191.7,2.0,1.7,0.07,5.71,0.27,422,336,16,0.01,,5.18,0.86,2.12,1.13,0.48,0.07,1.2,32.9,0.65,<1,8,80,207,<5,0.2,<0.2,86.8,13.2,73,4,38,5.87,3.42,1.62,14,6.45,1,13,1.01,<0.2,46,49,0.5,103,3,42.6,38,30,12,9.55,74.9,,0.5,11,<5,7,7,193,2.9,0.92,<0.5,12.7,<0.5,0.51,4.4,92,2,31.9,3.7,44,495
E170504-216,631.0,192.3,4.5,4.2,0.10,17.26,0.58,423,412,14,0.01,,9.34,1.33,3.39,1.81,0.9,0.08,1.7,23.5,0.82,1,10,126,279,<5,0.4,<0.2,109,14.2,109,8.2,40,6.52,3.48,1.85,25.6,7.08,2,8,1.04,<0.2,61,88,0.51,153,4,57.7,47.7,54,22,11.8,134,,0.5,18,<5,8.5,3,358,3.8,0.97,<0.5,18.1,0.8,0.5,4.78,163,2,30.4,3.6,73,281
E220102-018,631.5,192.5,2.50,2.36,0.15,7.58,0.41,428,321,17,0.02,,7.56,0.86,3.17,1.49,0.7,0.06,1.7,29.1,0.79,<1,9,106,264,<5,0.2,<0.2,86.5,11.9,104,5.5,30,4.77,3.08,1.21,22.7,5.6,1,9,1.03,<0.2,46.5,64,0.45,179,2,60.6,34.1,40,20,9.32,108,<0.02,0.4,15,<5,5.8,3,277,3.6,0.81,0.8,14,0.5,0.45,4.36,139,2,26,2.9,56,336
E170504-217,633.0,192.9,1.0,1.0,0.02,2.01,0.29,423,205,30,0.01,,4.84,0.26,2.35,1.03,0.44,0.07,1.5,34.6,0.7,<1,7,78,213,<5,0.1,<0.2,87.3,10,79,3.9,21,5.51,3.1,1.49,13.3,5.9,1,14,0.91,<0.2,45.2,43,0.45,125,2,43.6,37.8,28,12,9.29,71.3,,0.4,11,<5,6.8,2,163,3,0.84,<0.5,11.6,<0.5,0.42,3.77,96,2,27.7,3.4,44,497
E170504-218,635.0,193.6,1.0,0.9,0.03,1.31,0.33,429,147,37,0.02,,4.56,0.52,3.18,1.01,0.42,0.06,2.5,33.4,0.61,<1,10,75,199,<5,0.1,<0.2,85,10.4,68,3.6,18,5.29,3.13,1.53,12.4,6.14,1,13,0.92,<0.2,43.4,43,0.47,92,<2,37.1,37.7,25,13,9.21,72.2,,0.3,10,<5,7,2,159,2.5,0.83,<0.5,11.3,<0.5,0.43,3.16,87,2,26,3.3,40,440
E180601-025,636.8,194.1,1.31,1.20,0.09,2.34,0.27,428,195,23,0.04,2.71,6.41,0.4,3.59,1.3,0.56,0.07,2.71,>30.0,0.86,<1,11,110,248,<5,0.2,<0.2,109,13.8,111,5.2,29,6.4,3.76,1.74,17,6.67,1,12,1.26,<0.2,54.3,62,0.56,175,2,44,45.4,38,20,12.22,91.4,<0.02,0.6,14,<1,8.2,2,218,2.8,1.05,<0.05,13,0.6,0.56,4.73,128,2,32.8,3.9,94,448
E170504-219,637.0,194.2,0.9,0.9,,,,,,,,,5.02,0.24,2.9,1,0.46,0.07,2,32.3,0.75,<1,12,81,217,<5,0.1,<0.2,100,11,99,4.4,19,5.66,2.97,1.67,13.8,6.3,1,13,0.92,<0.2,52.2,47,0.47,110,3,52.1,44,31,14,10.8,75.2,,0.4,12,<5,7.4,2,169,3.9,0.84,<0.5,13.1,<0.5,0.44,5,108,2,25.9,3.2,44,495
E170504-220,639.0,194.8,0.4,<0.2,,,,,,,,,1.55,1.13,0.93,0.32,0.15,0.13,0.6,40.7,0.33,<1,<5,25,103,<5,<0.1,<0.2,48.7,5.5,59,1,6,2.47,1.24,0.91,4.03,3.4,<1,8,0.39,<0.2,25.9,13,0.17,166,<2,21.6,23.3,14,<5,5.81,21.7,,0.1,<5,<5,4,<1,111,1.8,0.42,<0.5,5,<0.5,0.16,1.36,43,<1,11.9,1.2,14,298
E220102-019,639.3,194.9,6.50,<0.2,0.02,0.05,0.31,427,,,0.29,,1.03,21,1.32,0.27,0.25,0.03,0.5,18.5,0.13,<1,<5,23,62.9,<5,<0.1,<0.2,19.9,3.6,22,1,<5,0.89,0.63,0.32,3.37,1.24,<1,1,0.16,<0.2,10.5,<10,0.05,739,<2,11.5,8.5,<5,<5,1.94,15.6,<0.02,<0.1,<5,<5,1.2,<1,570,0.6,0.15,1.4,1.8,<0.5,0.09,0.61,26,<1,5.3,0.6,12,52.1
E170504-221,645.0,196.6,0.6,0.4,0.00,0.21,0.21,428,54,54,0.00,,4.34,0.42,3.04,1,0.56,0.09,1.3,34.4,0.68,<1,9,64,199,<5,0.1,<0.2,85.5,16.7,67,3.2,18,5.64,3.13,1.63,12.2,6.14,2,12,0.95,<0.2,45,35,0.43,156,<2,43,39.8,27,14,9.53,63.7,,0.4,10,<5,7.1,2,188,2.9,0.85,<0.5,10,<0.5,0.44,2.84,111,2,28.1,3.2,53,446
E170504-222,647.0,197.2,0.7,0.6,,,,,,,,,5.27,0.49,5.42,1.14,0.67,0.12,3.6,29.8,0.83,1,20,90,215,<5,0.2,<0.2,105,31.5,78,4.1,46,6.77,3.86,2.07,14.8,8.19,2,14,1.1,<0.2,55.1,44,0.53,163,<2,52,49.5,42,19,11.9,78.1,,0.9,12,<5,9.3,9,257,3.4,1.09,<0.5,11.9,<0.5,0.5,3.31,139,2,32.5,3.7,99,517
E170504-223,648.5,197.7,1.1,0.8,,,,,,,,,6.87,0.54,4.42,1.38,0.89,0.09,1.6,27.9,0.93,1,13,96,239,<5,0.2,<0.2,109,21.1,86,5.5,26,6.39,3.51,1.95,19.4,7.14,2,11,1.07,<0.2,59.5,57,0.48,192,<2,59.8,47,33,17,11.7,94.5,,0.5,16,<5,8.4,3,303,3.9,1.02,<0.5,13.7,<0.5,0.48,3.62,163,2,31.3,3.4,64,384
E180601-026,651.3,198.5,0.97,0.75,0.04,0.42,0.25,430,56,33,0.09,1.57,8.15,0.4,4.21,1.5,0.85,0.08,1.62,26.3,1.02,<1,10,117,247,<5,0.2,<0.2,116,21.2,113,5.2,29,6.37,3.57,1.88,22,7.07,1,10,1.27,<0.2,59.2,69,0.54,178,<2,53,47.9,89,18,12.9,95.3,<0.02,0.6,18,<1,8.5,3,316,3.1,1.05,<0.05,14.1,<0.5,0.5,3.68,174,2,32.3,3.5,64,350
E170504-224,651.5,198.6,1.1,0.8,0.02,0.47,0.21,428,56,25,0.04,,8.77,0.43,4.43,1.58,0.97,0.08,1.4,25.4,1.04,1,12,114,259,<5,0.3,<0.2,113,20.5,92,6,28,6.79,3.67,2.16,24,7.88,2,9,1.12,<0.2,64.6,73,0.49,158,<2,62.3,50.8,34,18,12.8,106,,0.5,18,<5,8.6,3,328,4.4,1.11,<0.5,16.2,<0.5,0.51,4.28,181,2,31.9,3.7,67,345
E170504-225,653.5,199.2,1.2,1.1,,,,,,,,,7.24,0.34,4.04,1.45,0.71,0.07,1.9,29.8,0.92,1,15,101,246,<5,0.2,<0.2,110,19.4,94,5.8,22,6.57,3.55,1.86,19.5,7.09,2,10,1.07,<0.2,57.7,65,0.47,76,<2,55.3,46.7,35,17,11.7,101,,0.5,16,<5,8.1,2,270,3.7,0.99,<0.5,14.2,<0.5,0.49,3.8,154,2,30.9,3.7,53,388
E220102-026,655.5,199.8,0.40,<0.2,0.02,0.06,0.31,427,,,0.25,,0.63,0.25,1.58,0.2,0.23,0.05,<0.1,42.7,0.13,<1,<5,18,58.1,<5,<0.1,<0.2,26.2,9.4,24,0.5,32,1.59,0.79,0.67,2.98,2.24,<1,2,0.31,<0.2,11.9,11,0.08,146,<2,7.4,12.8,<5,<5,3.24,9.6,<0.02,<0.1,<5,<5,2.5,6,39,<0.5,0.27,<0.5,1.9,<0.5,0.12,0.53,33,<1,7.1,0.7,12,67.6
