Sample_ID,API,Longitude,Latitude,Coord_Source,Sample_Depth,Depth_Range,Formation,Member,State,County,Notes
S1,23037214850000,31.5635,-91.14069,MSOGB,10173.525,10173.4-10173.65,Tuscaloosa Group,Tuscaloosa marine shale,Mississippi,Franklin,Coordinates verified January 2018.
S2,23037214850000,31.5635,-91.14069,MSOGB,10192.925,10192.8-10193.05,Tuscaloosa Group,Tuscaloosa marine shale,Mississippi,Franklin,Coordinates verified January 2018.
S3,23005202440000,31.0212655,-90.7085869,MSOGB,1211,1211,Tuscaloosa Group,Tuscaloosa marine shale,Mississippi,Amite,"Coordinates were converted from MSOGB section, township, and range to central meridian longitude and latitude using Earth Point (http://www.earthpoint.us/TownshipsSearchByDescription.aspx) on 1/23/18."
S4,23005202440000,31.0212655,-90.7085869,MSOGB,12112.5,12112.5,Tuscaloosa Group,Tuscaloosa marine shale,Mississippi,Amite,"Coordinates were converted from MSOGB section, township, and range to central meridian longitude and latitude using Earth Point (http://www.earthpoint.us/TownshipsSearchByDescription.aspx) on 1/23/18."
S5,23005202440000,31.0212655,-90.7085869,MSOGB,12116.9,12116.9,Tuscaloosa Group,Tuscaloosa marine shale,Mississippi,Amite,"Coordinates were converted from MSOGB section, township, and range to central meridian longitude and latitude using Earth Point (http://www.earthpoint.us/TownshipsSearchByDescription.aspx) on 1/23/18."
S6,23005202440000,31.0212655,-90.7085869,MSOGB,12118.45,12118.45,Tuscaloosa Group,Tuscaloosa marine shale,Mississippi,Amite,"Coordinates were converted from MSOGB section, township, and range to central meridian longitude and latitude using Earth Point (http://www.earthpoint.us/TownshipsSearchByDescription.aspx) on 1/23/18."
S7,23005202440000,31.0212655,-90.7085869,MSOGB,12140,12140,Tuscaloosa Group,Tuscaloosa marine shale,Mississippi,Amite,"Coordinates were converted from MSOGB section, township, and range to central meridian longitude and latitude using Earth Point (http://www.earthpoint.us/TownshipsSearchByDescription.aspx) on 1/23/18."
S8,23113000860000,31.2114183,-90.3366322,MSOGB,10659.5,10659-10660,Tuscaloosa Group,Tuscaloosa marine shale,Mississippi,Pike,"Coordinates were converted from MSOGB section, township, and range to central meridian longitude and latitude using Earth Point (http://www.earthpoint.us/TownshipsSearchByDescription.aspx) on 1/23/18."
S9,23113000860000,31.2114183,-90.3366322,MSOGB,10668.5,10668-10669,Tuscaloosa Group,Tuscaloosa marine shale,Mississippi,Pike,"Coordinates were converted from MSOGB section, township, and range to central meridian longitude and latitude using Earth Point (http://www.earthpoint.us/TownshipsSearchByDescription.aspx) on 1/23/18."
S10,23113000860000,31.2114183,-90.3366322,MSOGB,10660.5,10660-10661,Tuscaloosa Group,Tuscaloosa marine shale,Mississippi,Pike,"Coordinates were converted from MSOGB section, township, and range to central meridian longitude and latitude using Earth Point (http://www.earthpoint.us/TownshipsSearchByDescription.aspx) on 1/23/18."
S11,23113000860000,31.2114183,-90.3366322,MSOGB,10657.5,10657-10658,Tuscaloosa Group,Tuscaloosa marine shale,Mississippi,Pike,"Coordinates were converted from MSOGB section, township, and range to central meridian longitude and latitude using Earth Point (http://www.earthpoint.us/TownshipsSearchByDescription.aspx) on 1/23/18."
S12,23113000860000,31.2114183,-90.3366322,MSOGB,10658.5,10658-10659,Tuscaloosa Group,Tuscaloosa marine shale,Mississippi,Pike,"Coordinates were converted from MSOGB section, township, and range to central meridian longitude and latitude using Earth Point (http://www.earthpoint.us/TownshipsSearchByDescription.aspx) on 1/23/18."
S13,23113000860000,31.2114183,-90.3366322,MSOGB,10661.5,10661-10662,Tuscaloosa Group,Tuscaloosa marine shale,Mississippi,Pike,"Coordinates were converted from MSOGB section, township, and range to central meridian longitude and latitude using Earth Point (http://www.earthpoint.us/TownshipsSearchByDescription.aspx) on 1/23/18."
S14,23085002720000,31.384508,-90.376739,MSOGB,10654.8,10654.8,Tuscaloosa Group,Tuscaloosa marine shale,Mississippi,Lincoln,Coordinates verified January 2018.
S15,23085002720000,31.384508,-90.376739,MSOGB,10657.2,10657.2,Tuscaloosa Group,Tuscaloosa marine shale,Mississippi,Lincoln,Coordinates verified January 2018.
S16,23085002720000,31.384508,-90.376739,MSOGB,10659.8,10659.8,Tuscaloosa Group,Tuscaloosa marine shale,Mississippi,Lincoln,Coordinates verified January 2018.
S17,17107205340000,32.15666265,-91.45276753,SONRIS,7273.9,7273.9,Tuscaloosa Group,Tuscaloosa marine shale,Louisiana,Tensas,Coordinates verified January 2018.
S18,23085003350000,31.436320,-90.444830,MSOGB,10505,10480-10490; 10520-10530,Tuscaloosa Group,Tuscaloosa marine shale,Mississippi,Lincoln,Coordinates verified January 2018.
S19,23037004660000,31.391128,-91.040300,MSOGB,10795,10720-10780; 10840-10870,Tuscaloosa Group,Tuscaloosa marine shale,Mississippi,Franklin,Coordinates verified January 2018.
S20,23147000290000,31.090612,-90.190570,MSOGB,10415,10370-10400; 10430-10460,Tuscaloosa Group,Tuscaloosa marine shale high-resistivity zone,Mississippi,Walthall,Coordinates verified January 2018.
S21,23001010310000,31.359210,-91.361770,MSOGB,10972,10957-10987,Tuscaloosa Group,Tuscaloosa marine shale high-resistivity zone,Mississippi,Adams,Coordinates verified January 2018.
S22,23157219930000,31.09801,-91.07999,MSOGB,12539.5,12539.5,Tuscaloosa Group,Tuscaloosa marine shale high-resistivity zone,Mississippi,Wilkinson,Coordinates verified January 2018.
S23,23157219930000,31.09801,-91.07999,MSOGB,12484.05,12484.05,Tuscaloosa Group,Tuscaloosa marine shale high-resistivity zone,Mississippi,Wilkinson,Coordinates verified January 2018.
S24,23001009830000,31.405970,-91.370130,MSOGB,10943,10943,Tuscaloosa Group,Lower Tuscaloosa,Mississippi,Adams,Coordinates verified January 2018.
S25,23113001960000,31.321830,-90.380030,MSOGB,10745,10745,Tuscaloosa Group,Lower Tuscaloosa,Mississippi,Pike,Coordinates verified January 2018.
S26,23005002650000,31.2402839,-90.6073014,MSOGB,11089,11089,Tuscaloosa Group,Lower Tuscaloosa,Mississippi,Amite,"Coordinates were converted from MSOGB section, township, and range to central meridian longitude and latitude using Earth Point (http://www.earthpoint.us/TownshipsSearchByDescription.aspx) on 1/23/18."
S27,23005202670000,31.056020,-90.824610,MSOGB,12305,12305,Tuscaloosa Group,Lower Tuscaloosa,Mississippi,Amite,Coordinates verified January 2018.
S28,23005203530000,31.257554,-90.652446,MSOGB,11068,11068,Tuscaloosa Group,Lower Tuscaloosa,Mississippi,Amite,Coordinates verified January 2018.
S29,17125200640000,30.96236685,-91.36762945,SONRIS,14237.2,14237.2,Tuscaloosa Group,Lower Tuscaloosa,Louisiana,West Feliciana,Coordinates verified January 2018.
S30,17125200640000,30.96236685,-91.36762945,SONRIS,14231.3,14231.3,Tuscaloosa Group,Lower Tuscaloosa,Louisiana,West Feliciana,Coordinates verified January 2018.
S31,17037200790000,30.98966721,-91.01924158,SONRIS,13091,13090.9-13091.1,Tuscaloosa Group,Lower Tuscaloosa,Louisiana,East Feliciana,Coordinates verified January 2018.
