# 长7_3 亚段 N228 井（宁县地区）泥页岩岩石热解数据，转录自 崔德艺等 2023, 天然气地球科学 34(2): 210-225
# DOI: 10.11764/j.issn.1672-1926.2022.10.010, 表 3（有机质丰度）与表 4（热解参数，抽提后热解与 OSI）
# S1: 游离烃 mg/g；S2: 热解烃 mg/g；PG=S1+S2；IH: 氢指数 mg/g；Tmax ℃；Ro %；OSI=S1/TOC*100 mg/g
# 表 4 抽提后热解：S1x 0.20/0.35/0.30/0.69/0.23/0.46/0.24/0.60/0.10；游离油占比 35.77/47.91/55.49/38.14/49.61/43.96/39.89/60.66/36.32
Sample_ID,Lithology,TOC_wt,S1_mgg,S2_mgg,S1S2_mgg,IH,Tmax_C,Ro_pct,OSI_mgg
1,泥岩,13.29,4.15,55.1,59.25,414.60,439,0.63,31.23
2,页岩,8.43,3.44,29.79,33.23,353.38,443,0.76,40.81
3,页岩,10.21,3.39,33.72,37.11,330.26,442,0.75,33.20
4,页岩,19.05,6.90,73.05,79.95,383.46,441,0.71,36.22
5,泥岩,14.10,6.15,49.73,55.88,352.70,443,0.77,43.62
6,页岩,15.63,5.91,72.80,78.71,465.77,443,0.85,37.81
7,页岩,6.99,3.41,27.59,31.00,394.71,448,0.83,48.78
8,页岩,21.82,6.54,82.35,88.89,377.41,444,0.68,29.97
9,泥岩,11.46,6.75,44.00,50.75,383.94,446,0.66,58.90
