Core,Lab Sample ID,Latitude,Longitude,Depth (ft) ,Depth (m),TOC (%),S1 (mg HC/g),S2 (mg HC/g),S3 (mg CO2/g),TMAX (°C),S1 (%),S2 (%),S3 (%),S4 (%)
F190,E190402-002,47.85083,-102.95109,7576.7,2309.4,11.37,2.44,58.75,0.96,427,0.2,4.82,0.024,6.33
F190,E190402-003,47.85083,-102.95109,7577.8,2309.7,19.75,6.15,116.22,1.37,423,0.5,9.53,0.034,9.68
F190,E190402-004,47.85083,-102.95109,7578.5,2309.9,22.26,6.58,124.49,1.39,423,0.54,10.21,0.035,11.48
F190,E190402-005,47.85083,-102.95109,7579.6,2310.3,21.75,7.1,122.81,1.54,420,0.58,10.07,0.039,11.06
F190,E190402-001,47.85083,-102.95109,7580.3,2310.5,23.13,7.8,124.3,1.65,420,0.64,10.19,0.041,12.26
F190,E190402-006,47.85083,-102.95109,7581.5,2310.8,22.42,7.3,122.47,1.18,419,0.6,10.04,0.03,11.75
F190,E190402-007,47.85083,-102.95109,7582.5,2311.1,23.63,7.93,136.35,1.69,418,0.65,11.18,0.042,11.76
F190,E190402-008,47.85083,-102.95109,7583.1,2311.3,24.89,6.94,152.16,1.18,420,0.57,12.48,0.03,11.81
F190,E190402-009,47.85083,-102.95109,7641.9,2329.3,12.66,2.81,71.72,1.02,427,0.23,5.88,0.026,6.52
F190,E190402-010,47.85083,-102.95109,7643,2329.6,18.73,5,102.49,1.27,428,0.41,8.4,0.032,9.88
F190,E190402-011,47.85083,-102.95109,7644.9,2330.2,14.27,3.71,76.06,0.91,422,0.3,6.24,0.023,7.71
F190,E190402-012,47.85083,-102.95109,7647.2,2330.9,9.68,2.72,50.68,0.99,424,0.22,4.16,0.025,5.28
F190,E190402-013,47.85083,-102.95109,7648.4,2331.2,11.99,3.51,62.62,0.99,423,0.29,5.13,0.025,6.54
F190,E190402-014,47.85083,-102.95109,7650.2,2331.8,11.89,3.49,60.9,0.73,425,0.29,4.99,0.018,6.59
F190,E190402-015,47.85083,-102.95109,7652.2,2332.4,15.16,4.1,83.91,0.89,426,0.34,6.88,0.022,7.92
F190,E190402-016,47.85083,-102.95109,7653,2332.6,17.9,4.7,99.9,1,421,0.39,8.19,0.025,9.3
F190,E190402-017,47.85083,-102.95109,7655.1,2333.3,17.96,4.82,98.54,1.01,421,0.4,8.08,0.025,9.46
F190,E190402-018,47.85083,-102.95109,7656.1,2333.6,19.5,5.34,104.39,1.26,418,0.44,8.56,0.032,10.47
F190,E190402-019,47.85083,-102.95109,7658,2334.2,15.5,4.95,82.07,1.35,421,0.41,6.73,0.034,8.33
F190,E190402-020,47.85083,-102.95109,7660,2334.8,11.26,4.09,59.42,1.24,426,0.34,4.87,0.031,6.02
F190,E190402-021,47.85083,-102.95109,7662.9,2335.65,14.95,3.52,81.35,1.36,421,0.29,6.67,0.034,7.96
F190,E190402-022,47.85083,-102.95109,7663.2,2335.74,12.6,3.09,65.12,1.33,421,0.25,5.34,0.033,6.97
F194,E190402-023,48.649,-104.43722,8331.6,2539.5,9.17,2.13,39.15,0.72,437,0.17,3.21,0.018,5.77
F194,E190402-024,48.649,-104.43722,8332.8,2539.8,23.54,6.44,121.03,1.04,432,0.53,9.92,0.026,13.06
F194,E190402-025,48.649,-104.43722,8333.7,2540.1,8.89,3.86,36.06,0.72,434,0.32,2.96,0.018,5.6
F194,E190402-026,48.649,-104.43722,8335,2540.5,16.23,5.82,97.39,0.95,436,0.48,7.99,0.024,7.74
F194,E190402-027,48.649,-104.43722,8335.5,2540.7,19.88,5.38,93.87,0.91,437,0.44,7.7,0.023,11.72
F194,E190402-028,48.649,-104.43722,8336,2540.8,19.94,6.44,92.78,1.17,432,0.53,7.61,0.029,11.77
F194,E190402-029,48.649,-104.43722,8336.5,2541,21.11,6.23,100.29,0.93,434,0.51,8.22,0.023,12.35
F194,E190402-030,48.649,-104.43722,8337,2541.1,23.18,7.1,107.73,1.16,431,0.58,8.83,0.029,13.73
F194,E190402-031,48.649,-104.43722,8338,2541.4,11.58,3.46,51.29,0.79,434,0.28,4.21,0.02,7.07
F194,E190402-032,48.649,-104.43722,8339,2541.7,19.4,5.41,100.94,1.47,430,0.44,8.28,0.037,10.64
F194,E190402-033,48.649,-104.43722,8397.7,2559.6,10.49,2.02,53.99,0.79,435,0.17,4.43,0.02,5.88
F194,E190402-034,48.649,-104.43722,8398.3,2559.8,12.15,2.99,58.7,0.97,435,0.25,4.81,0.024,7.07
F194,E190402-035,48.649,-104.43722,8400.3,2560.4,10.31,3.72,44.67,1.06,439,0.31,3.66,0.027,6.32
F194,E190402-036,48.649,-104.43722,8401.01,2560.6,10.28,3.78,43.09,0.89,440,0.31,3.53,0.022,6.41
F194,E190402-037,48.649,-104.43722,8402,2560.9,12.75,3.44,58.28,0.53,435,0.28,4.78,0.013,7.68
F194,E190402-038,48.649,-104.43722,8403.3,2561.3,11.66,3.36,54.39,0.68,439,0.28,4.46,0.017,6.91
F194,E190402-039,48.649,-104.43722,8404.7,2561.8,14.16,4.21,64.1,0.8,434,0.35,5.26,0.02,8.54
F194,E190402-041,48.649,-104.43722,8405.7,2562.1,10.26,4.91,42.34,0.56,437,0.4,3.47,0.014,6.37
F194,E190402-042,48.649,-104.43722,8407.6,2562.6,13.93,4.42,66.62,0.9,436,0.36,5.46,0.023,8.08
F194,E190402-043,48.649,-104.43722,8408.6,2562.9,19.55,5.49,96.51,0.7,435,0.45,7.91,0.018,11.17
F194,E190402-044,48.649,-104.43722,8410.2,2563.4,16.41,4.37,79.08,0.69,433,0.36,6.48,0.017,9.55
F194,E190402-045,48.649,-104.43722,8411,2563.67,13.56,3.46,58.6,0.6,432,0.28,4.81,0.015,8.46
F194,E190402-046,48.649,-104.43722,8411.1,2563.7,12.44,5.05,52.12,0.65,434,0.41,4.27,0.016,7.74
26661,E200204-063,48.09416,-102.2123232,9347.5,2849.1,15.11,4.09,96.18,0.79,429,0.34,7.89,0.02,6.87
26661,E200204-064,48.09416,-102.2123232,9348.5,2849.4,14.05,4.61,92.82,0.52,428,0.38,7.61,0.013,6.05
26661,E190705-047,48.09416,-102.2123232,9349.6,2849.8,12.79,4.28,70.4,1.12,430,0.35,5.77,0.028,6.64
26661,E200204-065,48.09416,-102.2123232,9350.6,2850.1,11.83,4.13,75.37,0.62,430,0.34,6.18,0.016,5.3
26661,E190705-048,48.09416,-102.2123232,9352.4,2850.6,5.05,3.46,27.32,0.44,432,0.28,2.24,0.011,2.52
26661,E200204-067,48.09416,-102.2123232,9353.5,2850.9,16.41,4.97,121.1,0.63,432,0.41,9.93,0.016,6.06
26661,E190705-049,48.09416,-102.2123232,9354.6,2851.3,16.41,5.44,108.58,1.17,425,0.45,8.9,0.029,7.03
26661,E200204-069,48.09416,-102.2123232,9356.4,2851.8,19.34,8.01,130.07,0.79,424,0.66,10.67,0.02,8
26661,E190705-050,48.09416,-102.2123232,9357.7,2852.2,13.25,6.82,79.89,0.85,427,0.56,6.55,0.021,6.12
26661,E190705-051,48.09416,-102.2123232,9359.6,2852.8,12.03,7.65,69.3,1.14,426,0.63,5.68,0.029,5.69
26661,E200204-070,48.09416,-102.2123232,9361,2853.2,13.76,6.95,95.72,0.45,426,0.57,7.85,0.011,5.33
26661,E190705-052,48.09416,-102.2123232,9362,2853.5,16.82,6.02,114.19,0.95,425,0.49,9.36,0.024,6.94
26661,E190705-053,48.09416,-102.2123232,9402.6,2865.9,17.8,5.74,108.08,0.66,427,0.47,8.86,0.017,8.45
26661,E200204-071,48.09416,-102.2123232,9403.4,2866.2,13.68,5.84,90.58,0.53,427,0.48,7.43,0.013,5.76
26661,E200204-072,48.09416,-102.2123232,9405.4,2866.8,16.13,6,107.78,0.43,428,0.49,8.84,0.011,6.79
26661,E190705-054,48.09416,-102.2123232,9407.5,2867.4,14.64,5.2,88.96,0.71,426,0.43,7.29,0.018,6.9
26661,E200204-073,48.09416,-102.2123232,9409,2867.9,15.8,6.46,103.86,0.44,427,0.53,8.52,0.011,6.74
26661,E200204-074,48.09416,-102.2123232,9410.4,2868.3,11.46,5.99,70.67,0.39,428,0.49,5.79,0.01,5.16
26661,E190705-055,48.09416,-102.2123232,9412.5,2868.9,12.81,4.95,71.8,0.94,425,0.41,5.89,0.024,6.49
26661,E200204-075,48.09416,-102.2123232,9413.7,2869.3,14.83,5.31,95,0.69,429,0.44,7.79,0.017,6.59
26661,E200204-076,48.09416,-102.2123232,9415.2,2869.8,13.92,5.65,84.06,0.51,426,0.46,6.89,0.013,6.55
26661,E190705-056,48.09416,-102.2123232,9416.6,2870.2,16.51,5.59,93.22,1.23,426,0.46,7.64,0.031,8.38
26661,E200204-077,48.09416,-102.2123232,9418,2870.6,16.14,6.24,101.51,0.52,428,0.51,8.32,0.013,7.29
26661,E200204-078,48.09416,-102.2123232,9420.4,2871.3,12.64,5.65,77.63,0.53,426,0.46,6.37,0.013,5.8
26661,E200204-079,48.09416,-102.2123232,9422.5,2872,13.99,5.71,86.94,0.55,427,0.47,7.13,0.014,6.38
26661,E190705-057,48.09416,-102.2123232,9424,2872.4,14.87,5.62,93.55,0.61,423,0.46,7.67,0.015,6.72
26661,E200204-080,48.09416,-102.2123232,9425.5,2872.9,11.47,6.95,65.44,0.37,428,0.57,5.37,0.009,5.52
26661,E200204-081,48.09416,-102.2123232,9427,2873.3,12.19,6.22,86.33,0.44,426,0.51,7.08,0.011,4.59
26661,E200204-082,48.09416,-102.2123232,9428.6,2873.8,18.27,7.07,118.14,0.54,426,0.58,9.69,0.014,7.99
26661,E190705-058,48.09416,-102.2123232,9429.9,2874.2,19.92,5.92,116.62,0.92,424,0.49,9.56,0.023,9.85
20844,E200204-083,48.40281,-103.8764364,10203.5,3110,11.23,3.62,42.02,0.31,446,0.3,3.45,0.008,7.48
20844,E200204-084,48.40281,-103.8764364,10205,3110.5,12.68,3.57,50.2,0.28,443,0.29,4.12,0.007,8.26
20844,E200204-085,48.40281,-103.8764364,10206.5,3110.9,12.78,3.08,50.39,0.43,444,0.25,4.13,0.011,8.38
20844,E200204-086,48.40281,-103.8764364,10208,3111.4,17.87,4.27,78.73,0.4,445,0.35,6.46,0.01,11.05
20844,E200204-087,48.40281,-103.8764364,10209.3,3111.8,11.05,3.21,41.1,0.42,444,0.26,3.37,0.011,7.41
20844,E200204-088,48.40281,-103.8764364,10210.6,3112.2,16.5,4.1,67.15,0.37,444,0.34,5.51,0.009,10.65
20844,E200204-089,48.40281,-103.8764364,10212,3112.6,19.06,5.14,78.68,0.27,441,0.42,6.45,0.007,12.18
20844,E200204-090,48.40281,-103.8764364,10213.5,3113.1,10.32,4.2,34.91,0.26,443,0.34,2.86,0.007,7.11
20844,E200204-091,48.40281,-103.8764364,10214.5,3113.4,7.53,2.49,27.36,0.17,440,0.2,2.24,0.004,5.08
20844,E200204-092,48.40281,-103.8764364,10216,3113.8,5.27,2.69,16.69,0.33,441,0.22,1.37,0.008,3.67
20844,E200204-093,48.40281,-103.8764364,10257.3,3126.4,11,3.75,38.77,0.35,443,0.31,3.18,0.009,7.5
20844,E200204-094,48.40281,-103.8764364,10258.5,3126.8,13.98,3.54,54.49,0.39,442,0.29,4.47,0.01,9.21
20844,E200204-095,48.40281,-103.8764364,10259.4,3127.1,14.27,4.04,62.18,0.27,442,0.33,5.1,0.007,8.83
20844,E200204-096,48.40281,-103.8764364,10260.6,3127.4,13.69,3.55,52.18,0.31,441,0.29,4.28,0.008,9.11
20844,E200204-097,48.40281,-103.8764364,10261.9,3127.8,10.51,3.68,35.26,0.29,443,0.3,2.89,0.007,7.31
20844,E200204-098,48.40281,-103.8764364,10263,3128.2,8.43,2.95,28.74,0.23,442,0.24,2.36,0.006,5.83
20844,E200204-099,48.40281,-103.8764364,10264,3128.5,15.18,3.96,60.41,0.34,441,0.32,4.95,0.009,9.89
20844,E200204-100,48.40281,-103.8764364,10264.8,3128.7,16.33,4.59,66.23,0.33,441,0.38,5.43,0.008,10.51
20844,E200204-101,48.40281,-103.8764364,10266,3129.1,17.56,4.71,75.86,0.29,441,0.39,6.22,0.007,10.95
20844,E200204-102,48.40281,-103.8764364,10267.5,3129.5,9.25,3.72,36.24,0.26,442,0.31,2.97,0.007,5.97
22388,E190705-012,48.0219,-103.0708013,10629,3239.7,9.64,7.39,10.88,0.22,453,0.61,0.89,0.006,8.14
22388,E200204-001,48.0219,-103.0708013,10630,3240,12.44,6.84,15.73,0.25,455,0.56,1.29,0.006,10.58
22388,E190705-013,48.0219,-103.0708013,10631.7,3240.5,12.28,7.23,14.44,0.51,457,0.59,1.18,0.013,10.49
22388,E200204-003,48.0219,-103.0708013,10633,3240.9,12.74,7.18,15.33,0.28,453,0.59,1.26,0.007,10.89
22388,E190705-014,48.0219,-103.0708013,10634,3241.2,10.78,5.53,12.15,0.61,456,0.45,1,0.015,9.31
22388,E200204-004,48.0219,-103.0708013,10635,3241.5,10.22,9.82,13.95,0.31,454,0.81,1.14,0.008,8.26
22388,E190705-015,48.0219,-103.0708013,10635.9,3241.8,11.05,6.68,12.48,0.47,457,0.55,1.02,0.012,9.47
22388,E200204-005,48.0219,-103.0708013,10637,3242.2,10.48,7.22,13.41,0.36,456,0.59,1.1,0.009,8.78
22388,E190705-016,48.0219,-103.0708013,10638,3242.5,11.18,4.19,12.65,0.49,458,0.34,1.04,0.012,9.79
22388,E190705-017,48.0219,-103.0708013,10638.8,3242.7,8.5,2.91,7.82,0.24,451,0.24,0.64,0.006,7.61
22388,E200204-007,48.0219,-103.0708013,10685,3256.8,7.37,5.04,8.01,0.43,453,0.41,0.66,0.011,6.29
22388,E190705-018,48.0219,-103.0708013,10685.4,3256.9,10.72,3.88,10.67,0.51,456,0.32,0.87,0.013,9.51
22388,E200204-008,48.0219,-103.0708013,10686.7,3257.3,11.78,5.75,13.38,0.31,455,0.47,1.1,0.008,10.2
22388,E200204-009,48.0219,-103.0708013,10688,3257.7,14.61,4.88,16.47,0.25,456,0.4,1.35,0.006,12.85
22388,E200204-010,48.0219,-103.0708013,10689,3258,11.6,5.76,13.03,0.25,455,0.47,1.07,0.006,10.05
22388,E190705-019,48.0219,-103.0708013,10690.3,3258.4,12.23,4.88,12.89,0.38,456,0.4,1.06,0.01,10.76
22388,E200204-011,48.0219,-103.0708013,10691.5,3258.8,10.53,5.7,12.07,0.22,456,0.47,0.99,0.006,9.07
22388,E200204-012,48.0219,-103.0708013,10692.5,3259.1,11.5,5.29,12.96,0.25,456,0.43,1.06,0.006,10
22388,E200204-013,48.0219,-103.0708013,10693.5,3259.4,12.21,4.97,13.26,0.29,456,0.41,1.09,0.007,10.71
22388,E190705-020,48.0219,-103.0708013,10694.2,3259.6,10.69,3.81,11.08,0.39,458,0.31,0.91,0.01,9.46
22388,E200204-014,48.0219,-103.0708013,10695,3259.8,11.63,5.71,13.68,0.24,456,0.47,1.12,0.006,10.03
22388,E200204-015,48.0219,-103.0708013,10697,3260.4,10.42,4.68,12.59,0.2,457,0.38,1.03,0.005,9
22388,E200204-017,48.0219,-103.0708013,10699,3261.1,12.91,6.16,15.52,0.34,456,0.51,1.27,0.009,11.12
22388,E190705-021,48.0219,-103.0708013,10701.5,3261.8,11.14,6.22,13.28,0.5,456,0.51,1.09,0.013,9.53
22388,E200204-018,48.0219,-103.0708013,10702.5,3262.1,10.75,6.32,13.63,0.34,455,0.52,1.12,0.009,9.11
22388,E190705-022,48.0219,-103.0708013,10703,3262.3,10.51,5.32,11.35,0.52,456,0.44,0.93,0.013,9.13
22388,E200204-019,48.0219,-103.0708013,10706.5,3263.3,10.79,7.66,14.23,0.3,455,0.63,1.17,0.008,8.99
22388,E200204-020,48.0219,-103.0708013,10708.2,3263.9,11.83,6.57,15.46,0.35,457,0.54,1.27,0.009,10.01
22388,E190705-023,48.0219,-103.0708013,10711,3264.7,12.28,4.7,13.04,0.48,456,0.39,1.07,0.012,10.81
22388,E200204-021,48.0219,-103.0708013,10712,3265,2.2,2.41,2.01,0.23,445,0.2,0.16,0.006,1.83
29426,E190705-024,47.85087,-102.952,10725,3269,13.8,7.9,19.61,0.42,452,0.65,1.61,0.011,11.53
29426,E190705-025,47.85087,-102.952,10727.2,3269.7,12.79,7.38,18.24,0.35,453,0.61,1.5,0.009,10.68
29426,E190705-026,47.85087,-102.952,10729,3270.2,11.39,6.75,16.16,0.35,453,0.55,1.33,0.009,9.5
29426,E190705-027,47.85087,-102.952,10732.2,3271.2,12.03,7.68,17.36,0.39,453,0.63,1.42,0.01,9.97
29426,E190705-028,47.85087,-102.952,10734.6,3271.9,10.5,5.34,15,0.37,453,0.44,1.23,0.009,8.82
29426,E190705-029,47.85087,-102.952,10736.2,3272.4,5.62,3.03,4.23,0.23,441,0.25,0.35,0.006,5.02
29426,E190705-030,47.85087,-102.952,10777.3,3284.9,13.04,5.01,16.21,0.54,453,0.41,1.33,0.014,11.29
29426,E190705-031,47.85087,-102.952,10782,3286.4,9.86,4.26,12.91,0.22,455,0.35,1.06,0.006,8.45
29426,E190705-032,47.85087,-102.952,10787.7,3288.1,12.2,3.77,15.47,0.67,454,0.31,1.27,0.017,10.61
29426,E190705-033,47.85087,-102.952,10790.7,3289,10.01,6.21,14.89,0.53,451,0.51,1.22,0.013,8.27
29426,E190705-034,47.85087,-102.952,10797.4,3291,12.56,4.92,16.01,0.69,453,0.4,1.31,0.017,10.83
29426,E190705-035,47.85087,-102.952,10800,3291.8,14.56,4.38,19.24,0.76,452,0.36,1.58,0.019,12.6
24123,E200204-042,47.71198,-103.131792,11040.5,3365.1,10.14,7,12.56,0.29,455,0.57,1.03,0.007,8.53
24123,E190705-060,47.71198,-103.131792,11042.4,3365.7,10,6.3,11.19,1.38,456,0.52,0.92,0.035,8.53
24123,E200204-044,47.71198,-103.131792,11044.4,3366.3,7.84,5.37,10.3,0.41,455,0.44,0.84,0.01,6.54
24123,E200204-045,47.71198,-103.131792,11045.2,3366.6,11.03,6.62,13.77,0.43,455,0.54,1.13,0.011,9.35
24123,E190705-036,47.71198,-103.131792,11046.7,3367,13.41,6.43,15.06,0.59,455,0.53,1.23,0.015,11.63
24123,E200204-046,47.71198,-103.131792,11047.9,3367.4,11.1,6.7,15.11,0.4,455,0.55,1.24,0.01,9.3
24123,E200204-047,47.71198,-103.131792,11049.1,3367.8,8.48,5.7,11.66,0.37,454,0.47,0.96,0.009,7.05
24123,E190705-037,47.71198,-103.131792,11051,3368.3,10.32,6.26,12.86,0.85,455,0.51,1.05,0.021,8.73
24123,E200204-048,47.71198,-103.131792,11052.3,3368.7,12.4,8.64,16.3,0.27,455,0.71,1.34,0.007,10.35
24123,E190705-038,47.71198,-103.131792,11053,3369,12.72,7.58,13.96,0.7,455,0.62,1.14,0.018,10.94
24123,E190705-039,47.71198,-103.131792,11054.6,3369.4,12.57,9.36,13.48,0.62,455,0.77,1.11,0.016,10.68
24123,E190705-040,47.71198,-103.131792,11056.2,3369.9,10.68,6.94,10.6,0.77,455,0.57,0.87,0.019,9.22
24123,E200204-050,47.71198,-103.131792,11057.4,3370.3,8.69,8.94,12.07,0.26,457,0.73,0.99,0.007,6.96
24123,E200204-051,47.71198,-103.131792,11103,3384.2,9.97,5.36,10.6,0.36,454,0.44,0.87,0.009,8.65
24123,E200204-052,47.71198,-103.131792,11104,3384.5,12.59,4.7,14.79,0.34,455,0.39,1.21,0.009,10.98
24123,E200204-053,47.71198,-103.131792,11104.6,3384.7,12.19,6.35,15.8,0.36,455,0.52,1.3,0.009,10.36
24123,E200204-054,47.71198,-103.131792,11106.9,3385.4,11.66,4.58,12.66,0.34,454,0.38,1.04,0.009,10.24
24123,E200204-055,47.71198,-103.131792,11107.9,3385.7,10.91,8.53,13.76,0.25,454,0.7,1.13,0.006,9.08
24123,E190705-042,47.71198,-103.131792,11108.9,3386,10.78,5.73,12.32,0.62,454,0.47,1.01,0.016,9.28
24123,E200204-056,47.71198,-103.131792,11109.9,3386.3,9.49,8.56,11.95,0.3,453,0.7,0.98,0.008,7.8
24123,E200204-057,47.71198,-103.131792,11110.9,3386.6,12.07,7.98,13.72,0.35,454,0.65,1.13,0.009,10.28
24123,E190705-043,47.71198,-103.131792,11111.3,3386.7,11.34,8.41,13.14,0.47,455,0.69,1.08,0.012,9.56
24123,E200204-058,47.71198,-103.131792,11113,3387.2,12,6.63,14.05,0.42,455,0.54,1.15,0.011,10.29
24123,E200204-059,47.71198,-103.131792,11113.5,3387.4,10.76,7.38,12.91,0.23,455,0.61,1.06,0.006,9.09
24123,E190705-044,47.71198,-103.131792,11115.7,3388.1,9.94,12.04,11.26,0.73,456,0.99,0.92,0.018,8.01
24123,E190705-045,47.71198,-103.131792,11117.9,3388.7,12.25,5.35,13.3,0.56,456,0.44,1.09,0.014,10.71
24123,E200204-061,47.71198,-103.131792,11119.6,3389.3,11.51,5.07,13.96,0.35,455,0.42,1.14,0.009,9.94
24123,E190705-046,47.71198,-103.131792,11120.9,3389.7,11.32,4.18,12.12,0.8,458,0.34,0.99,0.02,9.96
24123,E200204-062,47.71198,-103.131792,11122.4,3390.1,11.78,4.12,13.31,0.39,457,0.34,1.09,0.01,10.34
19918,E200204-022,47.96458,-103.3339395,11258.5,3431.6,10.76,7.51,15,0.4,453,0.62,1.23,0.01,8.9
19918,E200204-023,47.96458,-103.3339395,11260.5,3432.2,10.78,7.67,14.31,0.31,453,0.63,1.17,0.008,8.97
19918,E200204-024,47.96458,-103.3339395,11261.5,3432.5,13.09,8.41,18.14,0.34,453,0.69,1.49,0.009,10.9
19918,E200204-025,47.96458,-103.3339395,11262.5,3432.8,13.82,7.98,19.43,0.41,453,0.65,1.59,0.01,11.56
19918,E190705-001,47.96458,-103.3339395,11263.5,3433.1,13.48,6.26,15.99,0.43,454,0.51,1.31,0.011,11.64
19918,E200204-026,47.96458,-103.3339395,11264,3433.3,12.09,7.22,16.12,0.36,453,0.59,1.32,0.009,10.17
19918,E200204-027,47.96458,-103.3339395,11265.6,3433.8,10.42,9.14,14.22,0.28,452,0.75,1.17,0.007,8.5
19918,E190705-002,47.96458,-103.3339395,11266,3433.9,15.38,5.76,18.37,0.33,455,0.47,1.51,0.008,13.39
19918,E200204-028,47.96458,-103.3339395,11267.5,3434.3,12.98,8.75,19.05,0.24,453,0.72,1.56,0.006,10.69
19918,E190705-003,47.96458,-103.3339395,11268,3434.5,13.11,7.78,16.72,0.47,455,0.64,1.37,0.012,11.09
19918,E200204-029,47.96458,-103.3339395,11269,3434.8,12.98,7.07,17.01,0.31,453,0.58,1.39,0.008,11
19918,E190705-004,47.96458,-103.3339395,11270.1,3435.1,10.03,9.43,13.54,0.22,453,0.77,1.11,0.006,8.14
19918,E190705-005,47.96458,-103.3339395,11272.8,3435.9,9.81,8.68,12.97,0.32,453,0.71,1.06,0.008,8.03
19918,E200204-031,47.96458,-103.3339395,11273.6,3436.2,9.9,9.27,13.92,0.25,452,0.76,1.14,0.006,7.99
19918,E190705-006,47.96458,-103.3339395,11274.5,3436.5,12.29,6.12,14.22,0.37,455,0.5,1.17,0.009,10.61
19918,E200204-032,47.96458,-103.3339395,11274.9,3436.6,9.48,6.53,13.19,0.32,453,0.54,1.08,0.008,7.85
19918,E200204-033,47.96458,-103.3339395,11321.5,3450.8,10.82,5.97,10.8,0.34,452,0.49,0.89,0.009,9.44
19918,E190705-007,47.96458,-103.3339395,11322,3450.9,13.43,5.26,13.78,0.44,455,0.43,1.13,0.011,11.86
19918,E200204-034,47.96458,-103.3339395,11323.3,3451.3,12.89,6.32,15.35,0.36,453,0.52,1.26,0.009,11.1
19918,E200204-035,47.96458,-103.3339395,11324.8,3451.8,13.4,6.72,14.72,0.25,452,0.55,1.21,0.006,11.64
19918,E190705-008,47.96458,-103.3339395,11326,3452.2,12.23,4.92,13.74,0.37,455,0.4,1.13,0.009,10.69
19918,E200204-037,47.96458,-103.3339395,11328.5,3452.9,13.58,6.23,17.36,0.31,455,0.51,1.42,0.008,11.64
19918,E190705-009,47.96458,-103.3339395,11330.4,3453.5,13.08,4.44,13.56,0.49,455,0.36,1.11,0.012,11.59
19918,E200204-038,47.96458,-103.3339395,11331,3453.7,14.92,6.57,18.45,0.39,454,0.54,1.51,0.01,12.86
19918,E200204-039,47.96458,-103.3339395,11333,3454.3,11.2,6.37,15.46,0.32,454,0.52,1.27,0.008,9.4
19918,E190705-010,47.96458,-103.3339395,11334,3454.6,11.78,5.03,13.63,0.5,454,0.41,1.12,0.013,10.24
19918,E200204-040,47.96458,-103.3339395,11336,3455.2,8.15,6.54,11.21,0.26,451,0.54,0.92,0.007,6.69
19918,E190705-011,47.96458,-103.3339395,11339.8,3456.4,13.2,4.48,12.72,0.41,452,0.37,1.04,0.01,11.78
19918,E200204-041,47.96458,-103.3339395,11342.1,3457.1,12.25,7.18,14.8,0.23,452,0.59,1.21,0.006,10.44
19918,E190705-059,47.96458,-103.3339395,11343,3457.3,9.48,7.58,12.12,0.65,453,0.62,0.99,0.016,7.85
