# 长7_3 亚段 F75 井（天环坳陷）岩石热解数据，转录自 Chen et al. 2021, ACS Omega 6: 29241-29251
# DOI: 10.1021/acsomega.1c02993 (PMC8515368), Table 1
# S1: 游离烃 mg/g；S2: 热解烃 mg/g；PG=S1+S2；HI: 氢指数；OI: 氧指数；Tmax ℃；Ro: 换算镜质组反射率 %
Sample_ID,Depth_m,Lithology,TOC_wt,S1_mgg,S2_mgg,PG_mgg,HI,OI,Tmax_C,Ro_pct
1,2745.57,Black Shale,4.2,3.18,13.20,16.38,311.5,5.2,440,0.76
2,2746.17,Black Shale,4.4,3.52,13.92,17.44,313.8,5.6,440,0.76
3,2747.17,Black Shale,4.7,3.70,15.81,19.51,332.9,6.7,438,0.72
4,2748.22,Black Shale,6.0,4.00,21.50,25.50,355.8,4.3,444,0.83
5,2749.17,Black Shale,8.8,3.50,33.20,36.70,377.4,1.9,448,0.90
6,2750.87,Black Shale,7.8,3.52,29.49,33.01,376.1,3.2,448,0.90
7,2751.65,Black Shale,8.3,3.20,30.92,34.12,374.7,3.2,447,0.89
8,2752.84,Black Shale,7.8,2.91,28.88,31.79,370.8,2.6,445,0.85
9,2753.27,Black Shale,7.6,3.05,28.10,31.15,371.0,2.1,446,0.87
10,2754.10,Black Shale,7.9,3.39,29.90,33.29,378.7,2.2,447,0.89
11,2755.18,Gray Shale,5.3,2.62,16.48,19.10,308.9,2.8,444,0.83
12,2756.24,Gray Shale,2.2,1.82,5.03,6.85,224.3,18.3,436,0.69
13,2757.17,Gray Shale,1.2,1.48,2.78,4.26,239.2,20.6,441,0.78
14,2758.26,Gray Shale,5.8,2.77,18.62,21.39,321.7,2.9,447,0.89
15,2759.19,Black Shale,5.5,2.77,17.87,20.64,326.1,3.3,446,0.87
16,2760.20,Black Shale,4.1,2.15,13.10,15.25,319.0,4.4,438,0.72
17,2761.00,Black Shale,7.1,3.81,24.77,28.58,350.1,3.1,447,0.89
18,2762.00,Black Shale,8.6,3.93,33.12,37.05,383.8,1.4,447,0.89
19,2763.00,Black Shale,6.0,2.62,22.05,24.67,370.2,2.7,447,0.89
20,2764.05,Black Shale,7.5,3.26,30.60,33.86,409.7,1.7,447,0.89
21,2766.30,Black Shale,7.2,3.23,25.16,28.39,348.5,2.5,447,0.89
22,2767.58,Black Shale,5.8,3.23,21.76,24.99,373.2,2.7,445,0.85
23,2768.90,Black Shale,7.9,4.14,30.40,34.54,384.2,1.8,447,0.89
