#delta,gap,coarse,fine
0.000000000000000000e+00,7.105427357601001859e-15,9.490581126869011841e-02,7.637505202093446133e-02
6.000000000000000125e-03,2.131628207280300558e-14,4.720749711041011265e-02,2.717989204940790895e-02
1.200000000000000025e-02,2.486899575160350651e-14,3.979690328084251605e-01,6.442580457581046673e-03
1.800000000000000211e-02,7.105427357601001859e-15,3.519499449207918462e-01,1.900666705139047313e-02
2.400000000000000050e-02,5.329070518200751394e-14,8.332721166657942879e-02,2.013991198872582336e-02
2.999999999999999889e-02,7.105427357601001859e-15,2.569880974526217443e-02,2.253563082014235081e-02
3.600000000000000422e-02,0.000000000000000000e+00,1.437274413632000092e-01,2.659656886415425608e-02
4.200000000000000261e-02,1.776356839400250465e-14,5.841521676889838838e-02,2.692190104315370092e-02
4.800000000000000100e-02,7.105427357601001859e-14,1.836032331018433994e-01,1.070223684032782334e-02
5.399999999999999939e-02,1.776356839400250465e-14,1.170283021519250878e-02,1.928646516338255665e-02
5.999999999999999778e-02,2.842170943040400743e-14,7.604686659120318826e-01,4.245252144786167137e-03
6.600000000000000311e-02,1.065814103640150279e-14,2.136003532702701255e-02,1.924921021990383396e-02
7.200000000000000844e-02,7.105427357601001859e-15,1.525732890879234749e-01,2.623267852555687119e-02
7.799999999999999989e-02,3.552713678800500929e-15,1.043260588849191373e-01,2.250014345526474280e-02
8.400000000000000522e-02,1.065814103640150279e-14,6.303755599188510805e-01,8.946178763542804446e-03
8.999999999999999667e-02,3.552713678800500929e-15,3.729995122726162959e-01,1.208969986730395671e-02
9.600000000000000200e-02,7.105427357601001859e-15,3.211020899830628883e-01,2.364648955111267950e-02
1.020000000000000073e-01,0.000000000000000000e+00,2.949505475202720550e-01,8.786593299632538059e-03
1.079999999999999988e-01,3.907985046680551022e-14,5.964851498721914780e-01,1.173341526672534718e-02
1.140000000000000041e-01,0.000000000000000000e+00,5.902447559060118865e-01,1.106471537242417237e-02
1.199999999999999956e-01,1.065814103640150279e-14,1.764708197302563564e-01,2.013774506105604420e-02
1.260000000000000009e-01,7.105427357601001859e-15,4.589801942187760608e-01,1.863145345315276105e-02
1.320000000000000062e-01,7.105427357601001859e-15,2.243566709404514609e-02,2.406363290730242563e-02
1.380000000000000115e-01,0.000000000000000000e+00,9.250840566485490912e-02,1.548840930877834650e-02
1.440000000000000169e-01,2.842170943040400743e-14,4.321173144836973901e-01,6.243685603092239897e-03
1.499999999999999944e-01,2.131628207280300558e-14,4.270693831387334383e-01,1.589205256848907552e-02
1.559999999999999998e-01,3.552713678800500929e-15,7.438144721981959639e-02,2.660840417457238649e-02
1.620000000000000051e-01,1.065814103640150279e-14,3.348233962060315205e-01,1.241512132913239093e-02
1.680000000000000104e-01,1.065814103640150279e-13,6.526600880878614952e-02,1.149759248353287265e-02
1.740000000000000158e-01,7.105427357601001859e-15,4.968606324017159626e-01,1.140494080181001478e-02
1.799999999999999933e-01,3.907985046680551022e-14,5.255121369665098907e-01,1.279579454357086810e-02
1.859999999999999987e-01,7.105427357601001859e-15,9.784332615489580928e-03,1.866487956702348947e-02
1.920000000000000040e-01,1.065814103640150279e-14,3.545858695861713872e-01,1.032905322137867704e-02
1.980000000000000093e-01,1.776356839400250465e-14,4.766581771975082482e-01,1.104580378144148084e-02
2.040000000000000147e-01,3.197442310920450836e-14,5.564482715890186615e-01,3.482864898905365086e-03
2.099999999999999922e-01,1.421085471520200372e-14,4.255587840453030624e-01,1.153939708755483302e-02
2.159999999999999976e-01,1.421085471520200372e-14,2.143170774650492161e-01,2.020297047830051443e-02
2.220000000000000029e-01,3.552713678800500929e-15,1.066684963416765219e-01,4.227334332391947426e-03
2.280000000000000082e-01,2.131628207280300558e-14,2.202494330825111313e-01,1.150185745064899109e-02
2.340000000000000135e-01,7.105427357601001859e-15,6.927849127807539364e-01,3.991571438041425363e-03
2.399999999999999911e-01,4.263256414560601115e-14,8.098085509463966158e-02,7.267160769445170712e-03
2.459999999999999964e-01,1.421085471520200372e-14,5.900871983282781619e-01,7.314350703453424696e-03
2.520000000000000018e-01,4.973799150320701301e-14,5.049947651881281363e-02,1.403496117817998150e-02
2.580000000000000071e-01,1.065814103640150279e-14,4.304878624477306293e-01,9.881128654478115239e-03
2.640000000000000124e-01,1.776356839400250465e-14,1.509727945829862292e-02,1.346575740358240542e-02
2.700000000000000178e-01,7.105427357601001859e-15,1.777802879056658569e-02,2.118461499455866204e-02
2.760000000000000231e-01,1.776356839400250465e-14,1.981134032580040283e-01,8.950091221884238710e-03
2.820000000000000284e-01,1.065814103640150279e-14,1.875458875295333422e-02,2.252986238389698484e-02
2.880000000000000338e-01,3.552713678800500929e-15,1.078249615587449223e-01,1.741549975277567955e-02
2.939999999999999836e-01,3.552713678800500929e-15,3.250686132423062369e-01,5.520342049732651288e-03
2.999999999999999889e-01,7.105427357601001859e-15,3.088220064088837979e-01,6.452709802417923822e-03
3.059999999999999942e-01,1.065814103640150279e-14,2.613192356855956189e-01,1.067198216872976974e-02
3.119999999999999996e-01,7.105427357601001859e-15,2.119718626802336303e-01,1.776733628160927572e-02
3.180000000000000049e-01,1.065814103640150279e-14,4.799749532082262515e-01,8.556496889004800571e-03
3.240000000000000102e-01,1.065814103640150279e-14,3.589294699174111480e-01,1.639712102478855724e-02
3.300000000000000155e-01,1.065814103640150279e-14,1.397413873691871478e-01,5.650900090150874112e-03
3.360000000000000209e-01,1.065814103640150279e-14,2.386587720010163727e-01,1.581008648430180102e-02
3.420000000000000262e-01,0.000000000000000000e+00,2.156558527530171021e-01,6.635603794477920418e-03
3.480000000000000315e-01,3.552713678800500929e-15,4.080973511578248406e-03,1.271334358110028963e-02
3.539999999999999813e-01,3.197442310920450836e-14,3.078420104412232239e-01,9.460702464229310896e-03
3.599999999999999867e-01,1.421085471520200372e-14,2.998181173224489030e-02,1.661877632211343145e-02
3.659999999999999920e-01,2.131628207280300558e-14,1.516033238700216241e-03,1.925947241494837398e-02
3.719999999999999973e-01,7.105427357601001859e-15,5.158059980810750234e-02,1.244580104658223919e-02
3.780000000000000027e-01,0.000000000000000000e+00,7.675612552608663819e-01,3.253117872386693948e-03
3.840000000000000080e-01,7.105427357601001859e-15,2.267199708796938662e-01,1.489985296439807691e-02
3.900000000000000133e-01,7.105427357601001859e-14,2.857388748488724484e-01,9.309163948915729486e-03
3.960000000000000187e-01,0.000000000000000000e+00,1.706562472281309972e-01,1.809811801042474078e-02
4.020000000000000240e-01,3.552713678800500929e-15,4.990343689678777145e-02,1.161340794424801579e-02
4.080000000000000293e-01,1.421085471520200372e-14,5.111016410734577908e-01,6.992927717669833627e-03
4.140000000000000346e-01,4.263256414560601115e-14,4.916327040269670157e-01,3.438337006772699666e-03
4.199999999999999845e-01,2.486899575160350651e-14,7.863781239051818028e-01,2.945033355711916198e-03
4.259999999999999898e-01,1.776356839400250465e-14,7.272080831383687105e-01,2.831201174919186544e-03
4.319999999999999951e-01,7.105427357601001859e-15,3.956370434567049732e-02,4.672582412553939572e-03
4.380000000000000004e-01,5.329070518200751394e-14,1.849181843730821895e-01,1.431129805678955577e-02
4.440000000000000058e-01,2.842170943040400743e-14,3.092836286859683148e-01,1.428717615542544200e-02
4.500000000000000111e-01,1.776356839400250465e-14,2.045231494571789488e-01,9.691991788802910637e-03
4.560000000000000164e-01,0.000000000000000000e+00,2.292259055459344719e-01,1.321124986592545417e-02
4.620000000000000218e-01,1.421085471520200372e-14,1.491776324224857730e-01,1.093390354970972915e-02
4.680000000000000271e-01,3.552713678800500929e-15,4.838429823642615979e-01,9.941073649302212614e-03
4.740000000000000324e-01,3.552713678800500929e-15,6.017100158736287119e-01,7.009597084305960873e-03
4.799999999999999822e-01,5.329070518200751394e-14,4.098474890512711077e-01,3.975945828375204195e-03
4.859999999999999876e-01,3.552713678800500929e-14,5.652360191921367294e-01,6.732812557898458679e-03
4.919999999999999929e-01,7.105427357601001859e-15,3.664183272768329336e-01,1.120516300902773925e-02
4.979999999999999982e-01,2.131628207280300558e-14,9.073976697096021449e-02,9.369194101308932557e-03
5.040000000000000036e-01,1.421085471520200372e-14,7.134441352688906113e-01,4.582599707230935841e-03
5.100000000000000089e-01,1.421085471520200372e-14,6.463252692753242851e-03,1.039268485320160584e-02
5.160000000000000142e-01,2.842170943040400743e-14,2.525137005095851039e-02,2.074583711825985811e-03
5.220000000000000195e-01,2.131628207280300558e-14,1.145582933936302172e-01,9.625114753699237288e-03
5.280000000000000249e-01,2.131628207280300558e-14,4.680026517524202290e-02,5.706211365757919707e-03
5.340000000000000302e-01,3.552713678800500929e-15,1.073140609398191836e-01,9.750621552662389058e-03
5.400000000000000355e-01,7.815970093361102045e-14,1.164164956093221431e-01,9.076406100389507875e-03
5.460000000000000409e-01,1.776356839400250465e-14,1.796940291880095852e-01,8.589339228021580439e-03
5.520000000000000462e-01,3.552713678800500929e-15,8.115733276588901202e-01,2.451791726062130597e-03
5.580000000000000515e-01,3.552713678800500929e-15,2.006721060911472732e-01,1.010958209130831918e-02
5.640000000000000568e-01,7.105427357601001859e-15,2.767025621356266618e-01,9.335786379052366316e-03
5.700000000000000622e-01,3.197442310920450836e-14,4.389721501098248768e-01,1.751516827032253932e-03
5.760000000000000675e-01,5.329070518200751394e-14,3.570567358239278843e-01,6.305089689718469670e-03
5.819999999999999618e-01,1.421085471520200372e-14,2.345322555962076616e-01,7.514761963577187669e-03
5.879999999999999671e-01,3.552713678800500929e-14,1.502134073193595321e-01,1.178478033559612198e-02
5.939999999999999725e-01,7.460698725481051952e-14,4.188311281067446101e-01,7.965984029660292190e-03
5.999999999999999778e-01,3.552713678800500929e-15,5.095000269613321475e-02,6.759780067779793886e-03
6.059999999999999831e-01,1.421085471520200372e-14,2.012012528307953185e-01,9.061463881777380783e-03
6.119999999999999885e-01,1.776356839400250465e-14,1.568304464055052527e-01,5.470249068398356368e-03
6.179999999999999938e-01,1.065814103640150279e-14,6.676567631140934989e-01,2.954716026820440426e-03
6.239999999999999991e-01,0.000000000000000000e+00,6.802873642960854950e-01,4.075372173788531158e-03
6.300000000000000044e-01,3.552713678800500929e-14,8.011259600389508684e-02,4.172666546390559755e-03
6.360000000000000098e-01,3.552713678800500929e-15,2.232830542429491416e-01,7.746498602749417317e-03
6.420000000000000151e-01,1.065814103640150279e-14,3.580588937508015213e-01,7.899034924312159020e-03
6.480000000000000204e-01,0.000000000000000000e+00,6.508705879948875062e-01,3.184841996842904116e-03
6.540000000000000258e-01,1.421085471520200372e-14,3.239002317968286415e-01,7.581831653599435672e-03
6.600000000000000311e-01,3.907985046680551022e-14,7.090128479665686045e-02,3.045533087382467589e-03
6.660000000000000364e-01,7.105427357601001859e-15,4.300359267439144983e-01,6.183090082805619593e-03
6.720000000000000417e-01,7.105427357601001859e-15,4.014049120504763479e-01,3.608529453263103776e-03
6.780000000000000471e-01,0.000000000000000000e+00,4.901210295105772330e-01,2.804335458143018996e-03
6.840000000000000524e-01,3.552713678800500929e-15,5.177336096464005277e-02,6.376757391613530924e-03
6.900000000000000577e-01,1.776356839400250465e-14,5.274967197927016294e-02,8.771936622680338858e-03
6.960000000000000631e-01,0.000000000000000000e+00,4.011926028863167515e-01,3.000260668587945243e-03
7.020000000000000684e-01,3.552713678800500929e-15,2.817471701023210873e-01,3.613531533954388204e-03
7.079999999999999627e-01,1.421085471520200372e-14,3.628497790028012426e-01,1.876192994103832940e-03
7.139999999999999680e-01,0.000000000000000000e+00,2.156135591764629100e-01,4.707099660403498559e-03
7.199999999999999734e-01,2.131628207280300558e-14,2.699454470579040199e-01,4.733295892280466738e-03
7.259999999999999787e-01,2.486899575160350651e-14,2.082351244521091771e-01,4.207506060099572634e-03
7.319999999999999840e-01,1.776356839400250465e-14,2.116111761610990072e-01,7.128886385405590331e-03
7.379999999999999893e-01,1.421085471520200372e-14,2.207512130053291277e-01,4.006293345626158083e-03
7.439999999999999947e-01,1.776356839400250465e-14,5.294484178043627753e-02,5.908660072856353369e-03
7.500000000000000000e-01,5.684341886080801487e-14,4.507363373115559346e-01,4.196470772173909770e-03
7.560000000000000053e-01,1.421085471520200372e-14,2.689789582934991596e-01,1.598920795872389028e-03
7.620000000000000107e-01,2.486899575160350651e-14,2.337013807422704537e-01,4.209482469481193138e-03
7.680000000000000160e-01,3.197442310920450836e-14,1.085428172343251424e-01,4.893864893692960287e-03
7.740000000000000213e-01,2.131628207280300558e-14,3.554537942083356716e-01,3.538161570441458129e-03
7.800000000000000266e-01,4.973799150320701301e-14,3.546161570052937528e-01,3.313037936740859807e-03
7.860000000000000320e-01,7.105427357601001859e-15,1.455585195257993181e-01,5.015041244957234648e-03
7.920000000000000373e-01,7.105427357601001859e-15,4.540298848853483449e-01,2.872289722209656320e-03
7.980000000000000426e-01,7.105427357601001859e-15,2.026886520526291757e-01,3.228327024965994135e-03
8.040000000000000480e-01,3.552713678800500929e-15,7.138040445112879828e-01,1.893345961656097689e-03
8.100000000000000533e-01,1.776356839400250465e-14,2.791795355033188653e-02,4.966463635918044739e-03
8.160000000000000586e-01,7.105427357601001859e-15,4.805264023199320306e-02,4.390136005636406484e-03
8.220000000000000639e-01,4.618527782440651208e-14,1.905884556301869204e-01,4.373957706267356596e-03
8.280000000000000693e-01,1.421085471520200372e-14,5.604449483876114968e-01,2.336696365857914796e-03
8.339999999999999636e-01,1.065814103640150279e-14,6.848693732231694309e-01,2.220985682821525857e-03
8.399999999999999689e-01,0.000000000000000000e+00,8.799998317563273442e-02,4.020125995638481643e-03
8.459999999999999742e-01,0.000000000000000000e+00,1.928118214563569188e-01,3.775318168710841901e-03
8.519999999999999796e-01,3.552713678800500929e-15,1.659836032210730214e-03,4.416646214719750427e-03
8.579999999999999849e-01,1.421085471520200372e-14,5.952694011038629773e-02,2.445901194273669092e-03
8.639999999999999902e-01,1.065814103640150279e-14,9.143178218324977957e-02,4.203593850034046883e-03
8.699999999999999956e-01,0.000000000000000000e+00,5.509607465172076946e-02,3.067537529788420987e-03
8.760000000000000009e-01,4.263256414560601115e-14,3.113522726366429461e-01,2.047652783276183563e-03
8.820000000000000062e-01,1.065814103640150279e-14,3.063481227792272943e-01,2.244674263881018053e-03
8.880000000000000115e-01,1.421085471520200372e-14,8.919254276715253560e-02,2.816780716378266668e-03
8.940000000000000169e-01,2.131628207280300558e-14,1.171953184945229154e-01,1.971456247821557015e-03
9.000000000000000222e-01,0.000000000000000000e+00,2.012009739030203859e-01,9.841033941328691977e-04
9.060000000000000275e-01,2.486899575160350651e-14,1.956697145998799181e-01,6.580916763115802776e-04
9.120000000000000329e-01,3.197442310920450836e-14,1.516061946374559766e-01,2.064954898451919554e-03
9.180000000000000382e-01,7.105427357601001859e-15,5.091732902792184268e-01,6.994593389204229079e-04
9.240000000000000435e-01,1.421085471520200372e-14,5.296897459231322269e-01,9.900721434897784799e-04
9.300000000000000488e-01,3.552713678800500929e-15,1.254060229334185428e-01,4.915453054299831958e-04
9.360000000000000542e-01,4.263256414560601115e-14,5.482186805333887081e-02,1.254882129099739495e-03
9.420000000000000595e-01,7.105427357601001859e-15,3.415878670733008687e-02,1.602124793109166792e-03
9.480000000000000648e-01,7.105427357601001859e-14,6.005885947194394836e-01,5.359763004999174496e-04
9.540000000000000702e-01,1.065814103640150279e-14,3.474615170236956541e-01,3.215106812418120968e-04
9.599999999999999645e-01,0.000000000000000000e+00,4.518994519945241928e-01,7.354153574574643498e-04
9.659999999999999698e-01,2.486899575160350651e-14,3.315881400952491176e-01,6.526172528765855326e-04
9.719999999999999751e-01,1.776356839400250465e-14,1.245086102701598585e-01,5.007538277381064044e-04
9.779999999999999805e-01,3.552713678800500929e-15,2.619837128509845958e-01,3.542818231241725191e-04
9.839999999999999858e-01,7.105427357601001859e-15,2.315842213988076118e-02,3.187877742260903117e-04
9.899999999999999911e-01,3.552713678800500929e-15,1.594344285058901523e-01,2.988853417980055164e-04
9.959999999999999964e-01,1.421085471520200372e-14,2.662373587211987469e-01,9.159240840759632946e-05
1.002000000000000002e+00,3.552713678800500929e-15,5.414931938196553274e-01,2.580766526711734683e-05
1.008000000000000007e+00,3.552713678800500929e-15,9.216362781520653913e-02,2.016424530089447873e-04
1.014000000000000012e+00,1.421085471520200372e-14,7.925913848852308430e-01,1.126718996065419486e-04
1.020000000000000018e+00,1.421085471520200372e-14,1.318666115477042378e-01,2.520453218218187091e-04
1.026000000000000023e+00,1.776356839400250465e-14,3.050486229888170198e-01,3.014637823063679302e-04
1.032000000000000028e+00,4.263256414560601115e-14,1.373401206214872328e-01,8.887154363693061318e-04
1.038000000000000034e+00,1.065814103640150279e-14,1.117816535280058698e-01,5.903281322624054448e-04
1.044000000000000039e+00,3.552713678800500929e-15,5.873310264324491659e-01,6.965156196441978044e-04
1.050000000000000044e+00,7.105427357601001859e-15,5.762416126056173482e-01,5.695173589375613840e-04
1.056000000000000050e+00,3.552713678800500929e-15,2.717857186437354078e-01,1.268620672636434866e-03
1.062000000000000055e+00,1.065814103640150279e-14,2.215742327594941163e-01,1.333833958951659163e-03
1.068000000000000060e+00,0.000000000000000000e+00,1.533969161715687674e-02,1.787117067423566472e-03
1.074000000000000066e+00,1.421085471520200372e-14,4.234609717867477557e-03,1.834113214035675097e-03
1.080000000000000071e+00,3.552713678800500929e-14,5.814058303195862934e-03,1.543325505850032340e-03
1.086000000000000076e+00,1.065814103640150279e-14,1.950840528815739883e-01,1.910003464100033322e-03
1.092000000000000082e+00,2.486899575160350651e-14,3.098643781181036339e-01,1.769263176859501305e-03
1.098000000000000087e+00,2.842170943040400743e-14,2.511119975053395237e-01,2.681744586773826804e-03
1.104000000000000092e+00,1.421085471520200372e-14,1.420915150685242434e-02,2.241050648820671308e-03
1.110000000000000098e+00,0.000000000000000000e+00,3.145338784607977778e-01,1.652354117442311060e-03
1.116000000000000103e+00,2.131628207280300558e-14,2.435972063466187998e-01,3.266184668400098391e-03
1.122000000000000108e+00,3.552713678800500929e-15,3.773692870319729220e-01,2.712515673826600832e-03
1.128000000000000114e+00,0.000000000000000000e+00,2.586073853461900440e-01,1.857943940789197768e-03
1.134000000000000119e+00,3.552713678800500929e-15,8.225879587782461422e-02,9.128368526500269583e-04
1.140000000000000124e+00,1.065814103640150279e-14,1.844910737805809386e-01,4.113558378272878097e-03
1.146000000000000130e+00,1.065814103640150279e-14,1.244653063725701808e-01,4.051664264511882843e-03
1.152000000000000135e+00,0.000000000000000000e+00,4.231719620751390742e-01,1.732382329487135468e-03
1.157999999999999918e+00,2.131628207280300558e-14,2.920724515653417286e-01,4.017739012483902139e-03
1.163999999999999924e+00,3.197442310920450836e-14,2.727613847549779091e-01,3.721581744434409363e-03
1.169999999999999929e+00,1.421085471520200372e-14,1.646137259609003339e-03,2.928247036218511404e-03
1.175999999999999934e+00,7.105427357601001859e-15,6.757088599038046928e-02,4.862965240770550542e-03
1.181999999999999940e+00,3.552713678800500929e-15,1.477518531194181861e-01,4.301010137099569620e-03
1.187999999999999945e+00,0.000000000000000000e+00,7.533594630887295585e-02,3.681349348279852867e-03
1.193999999999999950e+00,1.421085471520200372e-14,3.237095918573553166e-01,2.732209572569125559e-03
1.199999999999999956e+00,2.131628207280300558e-14,1.283102781723917396e-01,4.520967984824732049e-03
1.205999999999999961e+00,3.552713678800500929e-15,1.513805824203757477e-01,4.789390122323752830e-03
1.211999999999999966e+00,7.105427357601001859e-15,3.878292761458469826e-03,6.230040077381080767e-03
1.217999999999999972e+00,3.907985046680551022e-14,4.249254090760398173e-01,2.471729461503689197e-03
1.223999999999999977e+00,2.131628207280300558e-14,3.379828161191521241e-02,7.227432346399144392e-03
1.229999999999999982e+00,0.000000000000000000e+00,7.003896950721892611e-02,6.183637070439907020e-03
1.235999999999999988e+00,4.263256414560601115e-14,6.644607128135465723e-02,7.191763085299195113e-03
1.241999999999999993e+00,2.131628207280300558e-14,2.129394599301712154e-01,5.076128792797084122e-03
1.247999999999999998e+00,2.486899575160350651e-14,5.812527318429774881e-02,6.932020238992394993e-03
1.254000000000000004e+00,2.842170943040400743e-14,2.254474055176441949e-01,5.372892310230817370e-03
1.260000000000000009e+00,7.105427357601001859e-15,4.713382246536587106e-01,1.510320254914253009e-03
1.266000000000000014e+00,7.105427357601001859e-15,5.092993321037550536e-02,7.009305982195649862e-03
1.272000000000000020e+00,4.618527782440651208e-14,1.666656588033565978e-01,2.761872477543039252e-03
1.278000000000000025e+00,2.842170943040400743e-14,5.929901162582514040e-02,8.625827784820239152e-03
1.284000000000000030e+00,3.907985046680551022e-14,3.938484831345759885e-01,7.578824880429138947e-03
1.290000000000000036e+00,4.263256414560601115e-14,3.061042753083045298e-01,7.332882146490395971e-03
1.296000000000000041e+00,3.552713678800500929e-15,1.341683322205111384e-01,6.282817996862913833e-03
1.302000000000000046e+00,1.065814103640150279e-14,1.819773080475962090e-01,8.479300906288176828e-03
1.308000000000000052e+00,1.065814103640150279e-14,6.101740301832339064e-01,2.084279883264643363e-03
1.314000000000000057e+00,1.421085471520200372e-14,1.714907193092880255e-01,7.672001473257549810e-03
1.320000000000000062e+00,1.776356839400250465e-14,3.999905255777242569e-02,1.044572630999314813e-02
1.326000000000000068e+00,1.421085471520200372e-14,3.565984700328694856e-01,5.554095433310957640e-03
1.332000000000000073e+00,1.776356839400250465e-14,6.102650752297906767e-01,4.406079200173526438e-03
1.338000000000000078e+00,0.000000000000000000e+00,1.663184021159359594e-01,8.795233690180238872e-03
1.344000000000000083e+00,1.776356839400250465e-14,3.967036580426848147e-01,5.962907440703308845e-03
1.350000000000000089e+00,3.552713678800500929e-15,2.171526244565072372e-01,9.556192335826208667e-03
1.356000000000000094e+00,2.131628207280300558e-14,2.424890888578419279e-01,9.602789553648075765e-03
1.362000000000000099e+00,3.552713678800500929e-15,3.019502267722489197e-01,7.502563373525405338e-03
1.368000000000000105e+00,1.065814103640150279e-14,3.474066140945088477e-01,5.690828605288441970e-03
1.374000000000000110e+00,7.105427357601001859e-15,1.888058601773410505e-01,1.083821479285960662e-02
1.380000000000000115e+00,5.684341886080801487e-14,8.265222782046076355e-02,6.849433013561990330e-03
1.386000000000000121e+00,0.000000000000000000e+00,7.472716058729499400e-01,3.128110779645795758e-03
1.392000000000000126e+00,1.065814103640150279e-14,2.412752380076705339e-01,7.139225488347870734e-03
1.398000000000000131e+00,7.105427357601001859e-15,1.298670289005792178e-01,1.109619457238241423e-02
1.404000000000000137e+00,4.618527782440651208e-14,6.744621180994243570e-01,4.414623101589011840e-03
1.409999999999999920e+00,2.486899575160350651e-14,5.157340088585455895e-01,2.909524007235172235e-03
1.415999999999999925e+00,3.552713678800500929e-15,2.550047897753827120e-01,5.617453213937485465e-03
1.421999999999999931e+00,2.486899575160350651e-14,1.371932254146936703e-01,1.101060637887185494e-02
1.427999999999999936e+00,3.552713678800500929e-15,2.089974109882416359e-02,9.058890662364234639e-03
1.433999999999999941e+00,7.105427357601001859e-14,1.570599112253459606e-01,9.872170655273918016e-03
1.439999999999999947e+00,2.486899575160350651e-14,1.173081156072768721e-01,1.215942145653300076e-02
1.445999999999999952e+00,2.486899575160350651e-14,4.763346768385920971e-01,5.846999946963222540e-03
1.451999999999999957e+00,2.486899575160350651e-14,3.495147786391624711e-01,4.838492931316672012e-03
1.457999999999999963e+00,1.776356839400250465e-14,8.290208516567411368e-02,9.186820917554303426e-03
1.463999999999999968e+00,1.421085471520200372e-14,2.625540292283112254e-01,1.026385514646054736e-02
1.469999999999999973e+00,1.421085471520200372e-14,3.913845546875339698e-01,5.146497186747975468e-03
1.475999999999999979e+00,3.552713678800500929e-15,2.785246517465723159e-01,7.513585995926977748e-03
1.481999999999999984e+00,7.105427357601001859e-15,1.579237125098539585e-01,1.459613080842277894e-02
1.487999999999999989e+00,7.105427357601001859e-15,3.381407310649773290e-01,8.694668817219280976e-03
1.493999999999999995e+00,3.552713678800500929e-15,9.305204997514843202e-02,1.076765025115765731e-02
1.500000000000000000e+00,1.065814103640150279e-14,1.760541750290817442e-01,9.700680732381049623e-03
1.506000000000000005e+00,2.131628207280300558e-14,4.705476989975044821e-01,1.105640552716263825e-02
1.512000000000000011e+00,0.000000000000000000e+00,2.626331011305145235e-01,1.132588005015606851e-02
1.518000000000000016e+00,1.776356839400250465e-14,2.507811925163246358e-01,7.405879149377452876e-03
1.524000000000000021e+00,1.776356839400250465e-14,1.448929841120875361e-01,1.027562833299389307e-02
1.530000000000000027e+00,1.776356839400250465e-14,1.289826177785542149e-01,9.843641123150779701e-03
1.536000000000000032e+00,3.197442310920450836e-14,4.749324614595306082e-01,5.534562486493449507e-03
1.542000000000000037e+00,3.552713678800500929e-15,3.638783524567991146e-01,1.235659846898851284e-02
1.548000000000000043e+00,3.552713678800500929e-15,6.958061163456202847e-02,1.537561029976438828e-02
1.554000000000000048e+00,1.065814103640150279e-14,1.416046742025860519e-02,1.771441757491125021e-02
1.560000000000000053e+00,1.421085471520200372e-14,1.733256599124408451e-02,6.994203938532749833e-03
1.566000000000000059e+00,7.460698725481051952e-14,3.091375129725606463e-01,1.448745518712591697e-02
1.572000000000000064e+00,7.105427357601001859e-15,2.761987562380888162e-01,1.303893061486907125e-02
1.578000000000000069e+00,7.105427357601001859e-15,1.126364566684869145e-01,9.764089311741847715e-03
1.584000000000000075e+00,3.552713678800500929e-15,9.772958528434821934e-02,1.633170558038925246e-02
1.590000000000000080e+00,2.131628207280300558e-14,6.972611888615929399e-01,7.107775576588732692e-03
1.596000000000000085e+00,3.552713678800500929e-15,3.255224650500405659e-01,8.570298418074065450e-03
1.602000000000000091e+00,1.776356839400250465e-14,1.802152501354798986e-01,1.584729894088048041e-02
1.608000000000000096e+00,2.131628207280300558e-14,4.580746045952098222e-01,1.031536010467351897e-02
1.614000000000000101e+00,0.000000000000000000e+00,2.931837700322241225e-01,1.755031908295670920e-02
1.620000000000000107e+00,7.105427357601001859e-15,1.778566516073728787e-01,1.664213477178282802e-02
1.626000000000000112e+00,0.000000000000000000e+00,1.074065150343389979e-01,1.346849738892511028e-02
1.632000000000000117e+00,2.842170943040400743e-14,2.242198148498158183e-01,1.761439385995550860e-02
1.638000000000000123e+00,6.750155989720951766e-14,1.441256470078048149e-02,3.999091851648368771e-03
1.644000000000000128e+00,1.776356839400250465e-14,2.965198305879146456e-01,1.144915304181606287e-02
1.650000000000000133e+00,4.973799150320701301e-14,3.905866203593265085e-01,9.497762499093710675e-03
1.656000000000000139e+00,2.486899575160350651e-14,9.270345688480083335e-02,1.391002433376369203e-02
1.662000000000000144e+00,3.907985046680551022e-14,3.628430795375422457e-01,9.392506833133576136e-03
1.667999999999999927e+00,2.131628207280300558e-14,3.217587403924863088e-01,1.399248888520138179e-02
1.673999999999999932e+00,3.197442310920450836e-14,3.536161048342122415e-01,1.671585204865959004e-02
1.679999999999999938e+00,7.105427357601001859e-15,4.952809480113991025e-01,1.373824273999632931e-02
1.685999999999999943e+00,3.552713678800500929e-15,1.530462468737057713e-01,1.813577480594315977e-02
1.691999999999999948e+00,1.065814103640150279e-14,9.762050441009995083e-02,1.899783462471374418e-02
1.697999999999999954e+00,3.552713678800500929e-15,2.028724638612237063e-01,1.746329374278594859e-02
1.703999999999999959e+00,0.000000000000000000e+00,7.140443547258592538e-01,7.027597054858520514e-03
1.709999999999999964e+00,0.000000000000000000e+00,6.416691460404058134e-01,1.183779124069784909e-02
1.715999999999999970e+00,4.618527782440651208e-14,2.099437176835693419e-01,1.687549673243313522e-02
1.721999999999999975e+00,3.552713678800500929e-15,1.977420156212368607e-01,1.903123274667834278e-02
1.727999999999999980e+00,1.421085471520200372e-14,1.679152749947568080e-01,1.286838046200411596e-02
1.733999999999999986e+00,1.776356839400250465e-14,1.105610308438255279e-01,1.140209015489195878e-02
1.739999999999999991e+00,7.105427357601001859e-15,1.603947289195345738e-01,1.685049774672614867e-02
1.745999999999999996e+00,1.776356839400250465e-14,8.217033381834485395e-01,5.743631399843929577e-03
1.752000000000000002e+00,4.973799150320701301e-14,2.177530104355638596e-01,1.827576905245283101e-02
1.758000000000000007e+00,3.552713678800500929e-15,1.150155471288230417e-02,1.501635298399135038e-02
1.764000000000000012e+00,1.776356839400250465e-14,4.744371469679379283e-01,1.247400230014042259e-02
1.770000000000000018e+00,1.065814103640150279e-14,3.684090417974757864e-02,2.114447917025011683e-02
1.776000000000000023e+00,7.105427357601001859e-15,3.564228687630420778e-01,1.457791403137080610e-02
1.782000000000000028e+00,3.552713678800500929e-15,9.638215000778604935e-03,2.345627976010882312e-02
1.788000000000000034e+00,7.105427357601001859e-15,4.512574421557033477e-01,1.119453751193408807e-02
1.794000000000000039e+00,3.552713678800500929e-15,5.398268633501008829e-01,1.130308000455883949e-02
1.800000000000000044e+00,0.000000000000000000e+00,2.629798897674049396e-01,1.768888045359427036e-02
1.806000000000000050e+00,2.131628207280300558e-14,2.322189480677069873e-01,1.892738907478883764e-02
1.812000000000000055e+00,7.105427357601001859e-15,2.100735538485258291e-01,2.042581768301562212e-02
1.818000000000000060e+00,2.486899575160350651e-14,5.310240402668594539e-01,9.215718658401173338e-03
1.824000000000000066e+00,7.105427357601001859e-15,3.443515945091297770e-01,9.549083667788602070e-03
1.830000000000000071e+00,2.131628207280300558e-14,2.406253343068019135e-01,1.882818268845472612e-02
1.836000000000000076e+00,3.552713678800500929e-15,6.819761091393244240e-03,1.925383276891875703e-02
1.842000000000000082e+00,7.105427357601001859e-15,4.878560055781637206e-01,1.629486085488023386e-02
1.848000000000000087e+00,3.552713678800500929e-15,2.358404610204416496e-01,1.243809079388278824e-02
1.854000000000000092e+00,2.131628207280300558e-14,1.481962707560574577e-01,2.057328526267388630e-02
1.860000000000000098e+00,3.197442310920450836e-14,3.076651936802085041e-01,1.545565480422216899e-02
1.866000000000000103e+00,3.552713678800500929e-15,1.547479460242039834e-02,2.057636530182125126e-02
1.872000000000000108e+00,3.197442310920450836e-14,4.193120644211141279e-01,1.558199402752745780e-02
1.878000000000000114e+00,7.105427357601001859e-15,1.433112620847771801e-01,2.275310417747062469e-02
1.884000000000000119e+00,2.131628207280300558e-14,7.508459227384137735e-01,7.733926721283112572e-03
1.890000000000000124e+00,3.552713678800500929e-15,2.911871304530151416e-01,1.937793645826375172e-02
1.896000000000000130e+00,1.776356839400250465e-14,1.762786909709623262e-01,1.901379008105431173e-02
1.902000000000000135e+00,1.065814103640150279e-14,2.728492103143022596e-01,1.919990187121844993e-02
1.908000000000000140e+00,1.065814103640150279e-14,6.783734643301020384e-01,8.860191875284240820e-03
1.914000000000000146e+00,2.131628207280300558e-14,3.418173703086728188e-01,1.510622511709869276e-02
1.919999999999999929e+00,1.776356839400250465e-14,3.586102589050429307e-02,2.174850419169727447e-02
1.925999999999999934e+00,0.000000000000000000e+00,2.663446335992775138e-01,1.886457514700447952e-02
1.931999999999999940e+00,0.000000000000000000e+00,7.606707472234809642e-02,2.231645637413735492e-02
1.937999999999999945e+00,7.105427357601001859e-15,6.406651743091762441e-02,2.600861951901372801e-02
1.943999999999999950e+00,3.907985046680551022e-14,3.361027159647199114e-01,2.526531604106273254e-02
1.949999999999999956e+00,3.552713678800500929e-15,6.594789510830575407e-01,1.098292262118515106e-02
1.955999999999999961e+00,2.131628207280300558e-14,4.439580304132176303e-02,2.474533155971812490e-02
1.961999999999999966e+00,2.486899575160350651e-14,3.279783121886950537e-02,2.976074214646054483e-02
1.967999999999999972e+00,1.776356839400250465e-14,1.994272183579389179e-01,2.422144537638749873e-02
1.973999999999999977e+00,7.105427357601001859e-15,2.812716038628175486e-02,1.215584969139191750e-02
1.979999999999999982e+00,0.000000000000000000e+00,3.027419061633528363e-01,1.596201998027464708e-02
1.985999999999999988e+00,7.105427357601001859e-15,5.690988846802040070e-03,2.951820385276473710e-02
1.991999999999999993e+00,2.131628207280300558e-14,4.577826233636891895e-02,2.327910924563037290e-02
1.997999999999999998e+00,3.552713678800500929e-15,1.102389314121644398e-01,2.912454534705800901e-02
2.004000000000000004e+00,3.552713678800500929e-14,1.229442227757741868e-01,2.584077096426898312e-02
2.010000000000000231e+00,3.552713678800500929e-14,9.772837102805081999e-02,2.758873483159971635e-02
2.016000000000000014e+00,3.552713678800500929e-14,1.186232110023883735e-01,1.168796542719074266e-02
2.022000000000000242e+00,2.842170943040400743e-14,1.633964396277489128e-01,2.870074424108793459e-02
2.028000000000000025e+00,6.750155989720951766e-14,2.966876360786552813e-01,1.018853514023715032e-02
2.034000000000000252e+00,0.000000000000000000e+00,4.527638284356628740e-01,1.228824367218970398e-02
2.040000000000000036e+00,1.065814103640150279e-14,1.671899604318561328e-01,2.854916022931683339e-02
2.046000000000000263e+00,1.065814103640150279e-14,5.896018516527485459e-02,2.597760851681215136e-02
2.052000000000000046e+00,3.552713678800500929e-15,2.081474693261077258e-01,2.419500673001388769e-02
2.057999999999999829e+00,1.421085471520200372e-14,3.691811811177727609e-01,2.408376235031954582e-02
2.064000000000000057e+00,1.776356839400250465e-14,3.586349142039437776e-01,1.487066677299741894e-02
2.069999999999999840e+00,1.065814103640150279e-14,3.503489901980039178e-02,2.154715545962267859e-02
2.076000000000000068e+00,6.039613253960851580e-14,1.849732541522634555e-01,2.179307390523984797e-02
2.081999999999999851e+00,3.552713678800500929e-15,2.413533118357324980e-01,2.728947863059203935e-02
2.088000000000000078e+00,0.000000000000000000e+00,5.704877709456043222e-01,1.446487955002017343e-02
2.093999999999999861e+00,1.776356839400250465e-14,2.955128142714585349e-01,2.106273067620678327e-02
2.100000000000000089e+00,7.105427357601001859e-15,3.708954176446039308e-01,2.334339684595353528e-02
2.105999999999999872e+00,2.842170943040400743e-14,2.411177058600876832e-01,8.778473345936595520e-03
2.112000000000000099e+00,0.000000000000000000e+00,2.362909475347927946e-01,2.680032681651854654e-02
2.117999999999999883e+00,1.421085471520200372e-14,3.362718591537912083e-01,2.965617640537113187e-02
2.124000000000000110e+00,3.552713678800500929e-15,3.890945386249940185e-02,1.693749740190206646e-02
2.129999999999999893e+00,7.105427357601001859e-15,3.611796985788097158e-01,2.763445201823758191e-02
2.136000000000000121e+00,7.105427357601001859e-15,3.873223900663672406e-03,2.605576534411330539e-02
2.141999999999999904e+00,2.486899575160350651e-14,9.719184558763427351e-02,2.737481754777845375e-02
2.148000000000000131e+00,1.776356839400250465e-14,6.152917246656146588e-01,1.434023395094530945e-02
2.153999999999999915e+00,3.552713678800500929e-15,2.341632927458049407e-01,2.773282062485275465e-02
2.160000000000000142e+00,2.131628207280300558e-14,1.641091516152276553e-01,2.736790579914749957e-02
2.165999999999999925e+00,2.131628207280300558e-14,7.334524383603448217e-02,3.230803836373261073e-02
2.172000000000000153e+00,7.105427357601001859e-15,3.047388447907125042e-01,2.197262467735389482e-02
2.177999999999999936e+00,1.065814103640150279e-14,2.343941442046506562e-01,3.175903050950808909e-02
2.184000000000000163e+00,1.065814103640150279e-14,6.590590994775350486e-01,1.327059876573615134e-02
2.189999999999999947e+00,0.000000000000000000e+00,4.622048414280872097e-01,1.360003197671487939e-02
2.196000000000000174e+00,3.197442310920450836e-14,1.088305992290705126e-01,3.401421059043845119e-02
2.201999999999999957e+00,0.000000000000000000e+00,4.623131865187070644e-01,2.114547933404959182e-02
2.208000000000000185e+00,2.842170943040400743e-14,9.126535279621741936e-02,3.386492895637512740e-02
2.213999999999999968e+00,1.065814103640150279e-14,1.455463008162867777e-01,3.692962964677379972e-02
2.220000000000000195e+00,3.552713678800500929e-15,3.902559967137271268e-01,1.484736570574421606e-02
2.225999999999999979e+00,1.065814103640150279e-14,3.485820442075803216e-01,3.206042201892045362e-02
2.232000000000000206e+00,1.421085471520200372e-14,1.521890709781484607e-01,3.185652974889515571e-02
2.237999999999999989e+00,1.421085471520200372e-14,9.518763885345143949e-02,2.965550775838263209e-02
2.244000000000000217e+00,1.421085471520200372e-14,2.711487877307833250e-01,2.537061939437016897e-02
2.250000000000000000e+00,1.065814103640150279e-14,1.556615691924752576e-01,9.893107059407926437e-03
2.256000000000000227e+00,3.552713678800500929e-15,5.147910480657965498e-02,2.952967233812878872e-02
2.262000000000000011e+00,3.552713678800500929e-14,1.712554413750745907e-01,2.920444949301212803e-02
2.268000000000000238e+00,1.065814103640150279e-14,2.671185267126923168e-01,2.956101536736703908e-02
2.274000000000000021e+00,2.486899575160350651e-14,3.209469947573229676e-01,3.581007622195831602e-02
2.280000000000000249e+00,3.552713678800500929e-15,1.529106840098458098e-01,3.307857323203178962e-02
2.286000000000000032e+00,1.065814103640150279e-14,1.999453982775155902e-01,3.096887874082385195e-02
2.292000000000000259e+00,0.000000000000000000e+00,1.073995433301888069e-01,3.669231490394106454e-02
2.298000000000000043e+00,1.421085471520200372e-14,1.410807282197683865e-01,3.598123171739229381e-02
2.304000000000000270e+00,1.065814103640150279e-14,7.017674532745654670e-02,1.297803598803586554e-02
2.310000000000000053e+00,1.065814103640150279e-14,8.592068164633723248e-02,1.634642621166110601e-02
2.315999999999999837e+00,2.131628207280300558e-14,2.662540859501859036e-01,2.889024073932936615e-02
2.322000000000000064e+00,3.552713678800500929e-15,4.688049548344618844e-01,1.465530957214014433e-02
2.327999999999999847e+00,2.842170943040400743e-14,4.033042553803094232e-03,3.517073575398091401e-02
2.334000000000000075e+00,1.776356839400250465e-14,3.180880974319604815e-01,2.568555733098842886e-02
2.339999999999999858e+00,1.776356839400250465e-14,2.619293880931832241e-01,2.418986276918888914e-02
2.346000000000000085e+00,3.552713678800500929e-15,7.599699516235913777e-02,4.141954773120706118e-02
2.351999999999999869e+00,7.105427357601001859e-15,5.351226230136146150e-02,3.179919669476499733e-02
2.358000000000000096e+00,1.065814103640150279e-14,6.541475508240582881e-01,1.912028776737048283e-02
2.363999999999999879e+00,7.105427357601001859e-15,3.745409822240096664e-01,1.855317242282043116e-02
2.370000000000000107e+00,2.131628207280300558e-14,1.542411643742101768e-01,3.536267616676559006e-02
2.375999999999999890e+00,1.065814103640150279e-14,8.011724220987116729e-02,3.681736230163716594e-02
2.382000000000000117e+00,1.776356839400250465e-14,2.839921554253359015e-01,1.303941596685997094e-02
2.387999999999999901e+00,3.552713678800500929e-15,3.824741959902212135e-02,4.248164130028972418e-02
2.394000000000000128e+00,7.105427357601001859e-15,1.876833048052999608e-01,3.513009103721220078e-02
2.399999999999999911e+00,7.105427357601001859e-15,4.189347403883793008e-01,1.802231505562587946e-02
2.406000000000000139e+00,1.065814103640150279e-14,2.846460426986736902e-02,3.495019352089955011e-02
2.411999999999999922e+00,1.065814103640150279e-14,7.879277427598375960e-02,3.451489597553870914e-02
2.418000000000000149e+00,4.263256414560601115e-14,2.674045490906094558e-01,2.727670226198225870e-02
2.423999999999999932e+00,1.776356839400250465e-14,3.134120427657282604e-01,3.020453321729829263e-02
2.430000000000000160e+00,2.131628207280300558e-14,1.929724169663633582e-01,3.099163046403634672e-02
2.435999999999999943e+00,2.131628207280300558e-14,1.957242857485196885e-01,3.396171822212480651e-02
2.442000000000000171e+00,2.486899575160350651e-14,3.857751659315238335e-01,2.809885773252193686e-02
2.447999999999999954e+00,0.000000000000000000e+00,3.842551060711732469e-02,3.562388448786248107e-02
2.454000000000000181e+00,0.000000000000000000e+00,1.533086203378755952e-01,2.138325024151492212e-02
2.459999999999999964e+00,7.105427357601001859e-15,3.614340301365641106e-01,3.260587165534395426e-02
2.466000000000000192e+00,3.907985046680551022e-14,1.191590163386411633e-01,3.824827312867339069e-02
2.471999999999999975e+00,1.421085471520200372e-14,3.826829169347245596e-01,3.140311499308456877e-02
2.478000000000000203e+00,1.421085471520200372e-14,1.692352831774869837e-01,3.438159854060835602e-02
2.483999999999999986e+00,1.421085471520200372e-14,2.832823106040299743e-01,2.270144172581479297e-02
2.490000000000000213e+00,1.776356839400250465e-14,1.531600829107409578e-01,3.600516967737661667e-02
2.495999999999999996e+00,3.907985046680551022e-14,8.320770926308927035e-03,3.631990754743981420e-02
2.502000000000000224e+00,7.105427357601001859e-15,7.755848879216185043e-01,1.399440916933711830e-02
2.508000000000000007e+00,7.105427357601001859e-15,2.433472033871569296e-01,3.789799957107749251e-02
2.514000000000000234e+00,2.486899575160350651e-14,1.577830250380960961e-02,4.521975957005967134e-02
2.520000000000000018e+00,2.486899575160350651e-14,3.376793321419684912e-01,2.222627255877940647e-02
2.526000000000000245e+00,3.197442310920450836e-14,4.369766358391750649e-01,1.269906531098305424e-02
2.532000000000000028e+00,1.421085471520200372e-14,4.136755397416397861e-01,2.846599023703544687e-02
2.538000000000000256e+00,1.776356839400250465e-14,2.833226101503703576e-01,4.288325027714468690e-02
2.544000000000000039e+00,1.776356839400250465e-14,1.319915295458800875e-01,4.405878210833488046e-02
2.550000000000000266e+00,0.000000000000000000e+00,3.518228467173264984e-01,4.027376041544778601e-02
2.556000000000000050e+00,6.394884621840901673e-14,2.621350626569186881e-02,3.135763470731588870e-02
2.561999999999999833e+00,3.552713678800500929e-15,1.204484202231760337e-01,4.227039225819205492e-02
2.568000000000000060e+00,3.552713678800500929e-15,1.386823055571057006e-01,4.126715564148784876e-02
2.573999999999999844e+00,3.552713678800500929e-15,4.267129161493933287e-01,2.324193230141559374e-02
2.580000000000000071e+00,3.552713678800500929e-15,4.769868521076879864e-01,3.886331186051993763e-02
2.585999999999999854e+00,7.105427357601001859e-15,4.712426337026739964e-02,4.096817838391027256e-02
2.592000000000000082e+00,3.552713678800500929e-15,6.983590155133764243e-01,1.486786785332045759e-02
2.597999999999999865e+00,1.421085471520200372e-14,1.593939603597074872e-01,1.593234501016714197e-02
2.604000000000000092e+00,7.105427357601001859e-15,4.404690796590330359e-01,2.842143928992468468e-02
2.609999999999999876e+00,3.552713678800500929e-15,2.234950535435362706e-01,3.359764383820210143e-02
2.616000000000000103e+00,1.421085471520200372e-14,8.739988118912747628e-02,3.854645421779548387e-02
2.621999999999999886e+00,1.065814103640150279e-14,2.694842847338396741e-02,4.459496363102546240e-02
2.628000000000000114e+00,1.065814103640150279e-14,3.930876592853118634e-01,3.511324786062376690e-02
2.633999999999999897e+00,3.552713678800500929e-15,1.637801530866783983e-01,2.681343855032178661e-02
2.640000000000000124e+00,0.000000000000000000e+00,1.934078299391046862e-01,4.252751985616118335e-02
2.645999999999999908e+00,3.197442310920450836e-14,1.681395983341570644e-01,3.353635080244320860e-02
2.652000000000000135e+00,2.131628207280300558e-14,7.055312093159331610e-01,2.328687385794864922e-02
2.657999999999999918e+00,2.842170943040400743e-14,4.384245136361931139e-01,2.158745607897308988e-02
2.664000000000000146e+00,3.552713678800500929e-15,5.828938655824060788e-01,2.320585629664329366e-02
2.669999999999999929e+00,3.552713678800500929e-15,4.481319304970084461e-01,2.187370557803139035e-02
2.676000000000000156e+00,2.486899575160350651e-14,1.744060822596606164e-02,3.931951769508937322e-02
2.681999999999999940e+00,1.065814103640150279e-14,1.114077452406833924e-01,4.430612923519020030e-02
2.688000000000000167e+00,5.329070518200751394e-14,1.475339704007878373e-02,4.538817296505949506e-02
2.693999999999999950e+00,2.131628207280300558e-14,3.954464063527379225e-01,3.279823598147419556e-02
2.700000000000000178e+00,2.131628207280300558e-14,1.082631409380034881e-01,3.666020285233208276e-02
2.705999999999999961e+00,1.065814103640150279e-14,4.259608303455834077e-01,2.055067012139415519e-02
2.712000000000000188e+00,1.421085471520200372e-14,4.045649963980516017e-02,3.872167845906139549e-02
2.717999999999999972e+00,2.842170943040400743e-14,3.488404495141031458e-02,2.827272491550210029e-02
2.724000000000000199e+00,7.105427357601001859e-15,1.596296623206543697e-01,5.127626721996099424e-02
2.729999999999999982e+00,7.105427357601001859e-15,2.354251530641411627e-01,2.616592335951025208e-02
2.736000000000000210e+00,1.065814103640150279e-14,6.344332601495561441e-02,3.649514126084064947e-02
2.741999999999999993e+00,3.552713678800500929e-15,3.815180698696558556e-03,4.080078882598418832e-02
2.748000000000000220e+00,3.552713678800500929e-15,3.918809951002558134e-02,5.507049214529249198e-02
2.754000000000000004e+00,3.552713678800500929e-15,1.235544441687751460e-01,1.451486296604984419e-02
2.760000000000000231e+00,2.131628207280300558e-14,3.552580680474463071e-01,1.511701341462107044e-02
2.766000000000000014e+00,3.552713678800500929e-14,6.413560066989217878e-01,2.001001909653040214e-02
2.772000000000000242e+00,1.065814103640150279e-14,5.280616861254979755e-01,1.645901037033017933e-02
2.778000000000000025e+00,2.131628207280300558e-14,9.267342450061154258e-02,4.613859415325221452e-02
2.784000000000000252e+00,0.000000000000000000e+00,1.462651093517010892e-01,4.456163346718257368e-02
2.790000000000000036e+00,7.105427357601001859e-15,6.070929445019643961e-02,4.625254060754932506e-02
2.796000000000000263e+00,1.065814103640150279e-14,1.973171201038010913e-01,4.882015831366133540e-02
2.802000000000000046e+00,3.552713678800500929e-15,2.857015549663386444e-01,2.553673868579518780e-02
2.808000000000000274e+00,1.776356839400250465e-14,4.179696813716353709e-01,2.629456587068960960e-02
2.814000000000000057e+00,1.421085471520200372e-14,1.515696193700845351e-01,4.381347887366775218e-02
2.819999999999999840e+00,2.486899575160350651e-14,6.248961412525800840e-01,1.991011747244533434e-02
2.826000000000000068e+00,0.000000000000000000e+00,1.334705379715995788e-01,3.970490183472895340e-02
2.831999999999999851e+00,1.065814103640150279e-14,3.392244352348668390e-01,3.521423784365129012e-02
2.838000000000000078e+00,2.131628207280300558e-14,2.773173022065930637e-01,4.040618085303366441e-02
2.843999999999999861e+00,2.486899575160350651e-14,3.983507458172184656e-01,3.914455275246488813e-02
2.850000000000000089e+00,3.552713678800500929e-15,1.942247193953448858e-01,4.995050710775730124e-02
2.855999999999999872e+00,1.776356839400250465e-14,2.377186437692009047e-01,4.862720691775782034e-02
2.862000000000000099e+00,1.776356839400250465e-14,1.513420536846424302e-01,4.496214998335432839e-02
2.867999999999999883e+00,1.065814103640150279e-14,4.421450020944106551e-01,2.605593170334927211e-02
2.874000000000000110e+00,2.131628207280300558e-14,2.503149092419142407e-01,5.016289374454886707e-02
2.879999999999999893e+00,3.552713678800500929e-15,7.233156111217868556e-02,4.803537177890584986e-02
2.886000000000000121e+00,1.776356839400250465e-14,2.252560307761483360e-01,4.563624577969508517e-02
2.891999999999999904e+00,2.131628207280300558e-14,2.334563869261504360e-02,5.592052087176730552e-02
2.898000000000000131e+00,1.421085471520200372e-14,1.934875788014419618e-01,4.888487190404847138e-02
2.903999999999999915e+00,3.197442310920450836e-14,4.025410878269281012e-02,4.891016751014443803e-02
2.910000000000000142e+00,0.000000000000000000e+00,3.126664556844364062e-01,1.729507003369252366e-02
2.915999999999999925e+00,1.776356839400250465e-14,2.410344681220409971e-02,4.276703446221422761e-02
2.922000000000000153e+00,2.486899575160350651e-14,1.153651481287759073e-01,2.747030562791103955e-02
2.927999999999999936e+00,1.065814103640150279e-14,1.811890431376208810e-01,3.932852154637612313e-02
2.934000000000000163e+00,3.552713678800500929e-15,3.550696671191309051e-01,4.977461498169012677e-02
2.939999999999999947e+00,1.776356839400250465e-14,8.240728219919363218e-02,1.987343200154251255e-02
2.946000000000000174e+00,3.907985046680551022e-14,2.223709984632332715e-01,5.757507606189551236e-02
2.951999999999999957e+00,0.000000000000000000e+00,2.182792053465934523e-01,4.027138382019619656e-02
2.958000000000000185e+00,2.131628207280300558e-14,4.168112785356314354e-01,2.800842845492688624e-02
2.963999999999999968e+00,7.105427357601001859e-15,5.562969773180158617e-01,2.685361865101258683e-02
2.970000000000000195e+00,7.105427357601001859e-15,1.523887920867241230e-01,5.261598749642366901e-02
2.975999999999999979e+00,1.065814103640150279e-14,1.551618947433306972e-01,4.206701754087860401e-02
2.982000000000000206e+00,3.552713678800500929e-15,3.818634094234839294e-02,4.655955052606650796e-02
2.987999999999999989e+00,3.552713678800500929e-15,1.494813727176269591e-01,4.545052539339205361e-02
2.994000000000000217e+00,3.552713678800500929e-15,4.094066832952226731e-01,3.990763956870030382e-02
3.000000000000000000e+00,3.552713678800500929e-15,7.325780427370831571e-02,4.045205676794583899e-02
